Customer_ID,Customer_Name,Segment,Customer_Total_Sales,Customer_Order_Count,First_Purchase,Last_Purchase,Customer_Lifetime_Days,Customer_Tier
CG-12520,Claire Gute,Consumer,1148.7800000000002,3,2016-10-15,2018-01-26,468,Silver
DV-13045,Darrin Van Huff,Corporate,1119.483,5,2017-06-12,2018-12-11,547,Silver
SO-20335,Sean O'Donnell,Consumer,2602.5755,6,2016-10-11,2018-12-01,781,Gold
BH-11710,Brosina Hoffman,Consumer,6255.351,8,2015-06-09,2018-12-07,1277,Platinum
AA-10480,Andrew Allen,Consumer,1790.5120000000002,4,2015-05-04,2018-04-15,1077,Silver
IM-15070,Irene Maddox,Consumer,4930.474,7,2015-12-19,2017-12-05,717,Platinum
HP-14815,Harold Pawlan,Home Office,1990.314,7,2015-05-06,2018-11-30,1304,Silver
PK-19075,Pete Kriz,Consumer,8646.934,12,2015-11-11,2018-12-21,1136,Platinum
AG-10270,Alejandro Grove,Consumer,2582.898,5,2015-05-13,2018-03-27,1049,Gold
ZD-21925,Zuschuss Donatelli,Consumer,1493.944,5,2015-08-27,2018-06-11,1019,Silver
KB-16585,Ken Black,Corporate,2744.742,12,2015-04-04,2018-05-14,1136,Gold
SF-20065,Sandra Flanagan,Consumer,763.5459999999999,7,2015-09-10,2018-11-01,1148,Bronze
EB-13870,Emily Burns,Consumer,2767.219,10,2015-05-05,2018-09-21,1235,Gold
EH-13945,Eric Hoffmann,Consumer,684.1709999999999,8,2015-07-02,2018-05-27,1060,Bronze
TB-21520,Tracy Blumstein,Consumer,4737.486,9,2015-10-17,2018-09-14,1063,Platinum
MA-17560,Matt Abelman,Home Office,4299.161,11,2015-08-08,2018-10-27,1176,Platinum
GH-14485,Gene Hale,Corporate,1361.2440000000001,2,2016-10-08,2017-12-08,426,Silver
SN-20710,Steve Nguyen,Home Office,3127.9592,7,2015-05-06,2018-10-12,1255,Gold
LC-16930,Linda Cazamias,Corporate,4492.946,8,2015-02-20,2018-11-19,1368,Platinum
RA-19885,Ruben Ausman,Corporate,3546.224,6,2015-04-08,2018-11-05,1307,Gold
ES-14080,Erin Smith,Corporate,4657.924,9,2015-10-02,2018-12-02,1157,Platinum
ON-18715,Odella Nelson,Corporate,1567.52,9,2015-09-13,2017-11-15,794,Silver
PO-18865,Patrick O'Donnell,Consumer,2493.214,7,2015-03-23,2018-12-30,1378,Gold
LH-16900,Lena Hernandez,Consumer,2295.332,9,2015-08-19,2018-12-09,1208,Gold
DP-13000,Darren Powers,Consumer,897.524,8,2015-01-03,2018-08-26,1331,Bronze
JM-15265,Janet Molinari,Corporate,1804.146,5,2015-08-25,2018-11-23,1186,Silver
TB-21055,Ted Butterfield,Consumer,1451.361,4,2017-06-17,2018-09-02,442,Silver
KM-16720,Kunst Miller,Consumer,4909.472,8,2015-03-30,2018-12-02,1343,Platinum
PS-18970,Paul Stevenson,Home Office,1278.639,8,2015-04-15,2018-10-22,1286,Silver
BS-11590,Brendan Sweed,Corporate,2454.928,6,2015-01-14,2018-11-25,1411,Gold
KD-16270,Karen Daniels,Consumer,8282.358,5,2015-11-11,2017-09-02,661,Platinum
HM-14980,Henry MacAllister,Consumer,736.276,4,2016-10-02,2018-04-27,572,Bronze
JE-15745,Joel Eaton,Consumer,6760.8150000000005,13,2015-06-22,2018-11-09,1236,Platinum
KB-16600,Ken Brennan,Corporate,983.922,7,2015-12-30,2018-12-29,1095,Bronze
SC-20770,Stewart Carmichael,Corporate,4492.657,7,2016-06-20,2018-11-19,882,Platinum
DN-13690,Duane Noonan,Consumer,2139.79,7,2015-09-20,2018-05-27,980,Silver
JC-16105,Julie Creighton,Corporate,858.576,5,2015-11-18,2018-11-03,1081,Bronze
CS-12400,Christopher Schild,Home Office,3651.8585000000003,9,2015-09-26,2018-12-28,1189,Platinum
PG-18895,Paul Gonzalez,Consumer,1987.164,9,2015-05-11,2018-11-03,1272,Silver
GM-14455,Gary Mitchum,Home Office,3078.624,6,2015-04-11,2018-12-14,1343,Gold
JS-15685,Jim Sink,Corporate,990.1959999999999,3,2017-06-14,2018-11-18,522,Bronze
KB-16315,Karl Braun,Consumer,1569.464,9,2015-08-26,2018-03-09,926,Silver
RB-19705,Roger Barcio,Home Office,2067.45,4,2016-08-22,2018-11-06,806,Silver
PN-18775,Parhena Norris,Home Office,1467.152,8,2016-08-07,2018-11-30,845,Silver
KD-16345,Katherine Ducich,Consumer,1888.964,6,2015-09-02,2018-11-19,1174,Silver
ER-13855,Elpida Rittenbach,Corporate,1245.788,3,2016-12-21,2017-11-04,318,Silver
RB-19465,Rick Bensley,Home Office,4715.466,12,2015-03-14,2018-12-21,1378,Platinum
GZ-14470,Gary Zandusky,Consumer,4355.150000000001,9,2015-08-05,2018-12-23,1236,Platinum
LC-16870,Lena Cacioppo,Consumer,2580.7039999999997,8,2016-05-03,2018-12-03,944,Gold
JM-15250,Janet Martin,Consumer,3159.1220000000003,6,2017-03-29,2018-11-23,604,Gold
PA-19060,Pete Armstrong,Home Office,729.408,6,2015-05-17,2018-09-18,1220,Bronze
CV-12805,Cynthia Voltz,Corporate,2370.3136,9,2017-05-09,2018-12-25,595,Gold
CL-12565,Clay Ludtke,Consumer,10880.546,12,2015-03-04,2018-03-21,1113,Platinum
RC-19960,Ryan Crowe,Consumer,652.644,4,2015-08-25,2018-09-11,1113,Bronze
DK-13090,Dave Kipp,Consumer,2650.557,7,2016-03-02,2018-11-18,991,Gold
GG-14650,Greg Guthrie,Corporate,2224.0,9,2015-10-31,2018-11-17,1113,Gold
SC-20725,Steven Cartwright,Consumer,5226.21,11,2015-06-03,2018-06-26,1119,Platinum
AD-10180,Alan Dominguez,Home Office,6106.88,8,2015-11-19,2018-12-01,1108,Platinum
PF-19165,Philip Fox,Consumer,2770.0,6,2015-09-20,2018-06-17,1001,Gold
TS-21610,Troy Staebel,Consumer,2820.424,7,2015-08-16,2018-11-05,1177,Gold
LS-16975,Lindsay Shagiari,Home Office,2988.674,9,2015-10-20,2018-12-10,1147,Gold
DW-13585,Dorothy Wardle,Corporate,1204.854,7,2015-08-24,2018-05-02,982,Silver
LC-16885,Lena Creighton,Consumer,7663.126,12,2015-04-25,2018-12-14,1329,Platinum
JD-15895,Jonathan Doherty,Corporate,7610.8640000000005,11,2015-03-26,2017-12-01,981,Platinum
SH-19975,Sally Hughsby,Corporate,2465.6594999999998,12,2015-12-10,2018-12-01,1087,Gold
SG-20080,Sandra Glassco,Consumer,3406.5809999999997,3,2016-10-31,2018-12-22,782,Gold
HA-14920,Helen Andreada,Consumer,2584.158,8,2015-10-11,2018-12-10,1156,Gold
MG-17680,Maureen Gastineau,Home Office,2350.188,4,2015-10-22,2018-09-29,1073,Gold
JE-16165,Justin Ellison,Corporate,2697.248,3,2017-12-05,2018-12-10,370,Gold
TW-21025,Tamara Willingham,Home Office,5278.826,7,2015-12-22,2018-10-27,1040,Platinum
SP-20650,Stephanie Phelps,Corporate,1872.4360000000001,9,2015-04-16,2017-12-09,968,Silver
NK-18490,Neil Knudson,Home Office,572.048,7,2016-05-28,2018-10-21,876,Bronze
DB-13060,Dave Brooks,Consumer,4151.51,6,2015-03-01,2018-12-14,1384,Platinum
NP-18670,Nora Paige,Consumer,3908.402,5,2016-02-27,2018-11-02,979,Platinum
TT-21070,Ted Trevino,Consumer,4915.602,7,2015-05-18,2018-11-29,1291,Platinum
EM-13960,Eric Murdock,Consumer,933.704,5,2016-10-01,2018-08-01,669,Bronze
RD-19900,Ruben Dartt,Consumer,3133.924,9,2015-04-05,2018-09-07,1251,Gold
MJ-17740,Max Jones,Consumer,6320.746,7,2016-06-09,2018-12-08,912,Platinum
BM-11140,Becky Martin,Consumer,11789.63,4,2015-09-08,2018-02-26,902,Platinum
CS-12130,Chad Sievert,Consumer,884.64,4,2015-08-05,2017-08-28,754,Bronze
JB-15400,Jennifer Braxton,Corporate,1791.605,10,2015-09-14,2018-12-23,1196,Silver
SJ-20500,Shirley Jackson,Consumer,1318.776,5,2015-08-31,2018-04-21,964,Silver
JK-15640,Jim Kriz,Home Office,4760.434,9,2015-09-19,2018-07-03,1018,Platinum
DK-13150,David Kendrick,Corporate,797.832,2,2015-12-05,2018-12-20,1111,Bronze
RM-19675,Robert Marley,Home Office,5979.0960000000005,5,2015-11-14,2018-12-24,1136,Platinum
SK-19990,Sally Knutson,Consumer,883.409,3,2017-11-28,2018-12-22,389,Bronze
FM-14290,Frank Merwin,Home Office,3736.198,9,2015-08-26,2018-11-24,1186,Platinum
AM-10360,Alice McCarthy,Corporate,814.012,5,2015-10-06,2018-12-02,1153,Bronze
MP-17470,Mark Packer,Home Office,2945.822,6,2015-03-30,2017-01-11,653,Gold
MZ-17515,Mary Zewe,Corporate,2564.906,6,2015-04-04,2018-03-23,1084,Gold
CB-12025,Cassandra Brandow,Consumer,5730.669,9,2015-03-21,2018-11-13,1333,Platinum
VM-21685,Valerie Mitchum,Home Office,1160.116,6,2015-04-07,2018-11-06,1309,Silver
FH-14365,Fred Hopkins,Corporate,6987.196,8,2015-10-20,2018-12-25,1162,Platinum
MB-17305,Maria Bertelson,Consumer,1548.702,10,2015-08-08,2018-11-12,1192,Silver
BS-11755,Bruce Stewart,Consumer,2562.382,7,2015-05-18,2018-12-29,1321,Gold
LC-17140,Logan Currie,Consumer,2633.582,9,2015-09-09,2018-12-17,1195,Gold
HK-14890,Heather Kirkland,Corporate,4877.784,8,2015-06-10,2018-08-01,1148,Platinum
LE-16810,Laurel Elliston,Consumer,1469.45,6,2015-05-27,2018-12-09,1292,Silver
JH-15985,Joseph Holt,Consumer,7954.9980000000005,6,2015-08-09,2018-12-01,1210,Platinum
MS-17980,Michael Stewart,Corporate,855.116,6,2015-06-30,2018-12-04,1253,Bronze
VW-21775,Victoria Wilson,Corporate,6134.0380000000005,10,2015-05-11,2018-12-02,1301,Platinum
JH-15910,Jonathan Howell,Consumer,959.477,7,2016-06-12,2018-11-19,890,Bronze
JB-15925,Joni Blumstein,Consumer,900.552,3,2015-12-05,2016-12-24,385,Bronze
DS-13180,David Smith,Corporate,2881.8128,9,2015-04-28,2018-12-07,1319,Gold
VD-21670,Valerie Dominguez,Consumer,6442.254,6,2015-08-04,2017-05-28,663,Platinum
EA-14035,Erin Ashbrook,Corporate,2752.441,12,2015-09-13,2018-07-31,1052,Gold
DB-13120,David Bremer,Corporate,2973.094,7,2016-05-01,2018-11-12,925,Gold
KL-16645,Ken Lonsdale,Consumer,14175.229000000001,12,2015-07-25,2018-11-13,1207,Platinum
DW-13480,Dianna Wilson,Home Office,5271.628,5,2015-06-01,2018-05-27,1091,Platinum
LH-17155,Logan Haushalter,Consumer,1739.689,9,2015-12-12,2017-12-10,729,Silver
KC-16540,Kelly Collister,Consumer,3908.262,4,2016-11-02,2018-09-24,691,Platinum
DL-13315,Delfina Latchford,Consumer,1458.258,8,2015-01-16,2018-12-08,1422,Silver
DR-12880,Dan Reichenbach,Corporate,6528.034000000001,9,2016-09-25,2018-12-27,823,Platinum
CC-12670,Craig Carreira,Consumer,2269.7015,7,2015-12-23,2018-12-01,1074,Gold
Dl-13600,Dorris liebe,Corporate,755.602,5,2015-03-30,2018-09-02,1252,Bronze
SB-20290,Sean Braxton,Corporate,8057.891,7,2015-05-09,2018-11-13,1284,Platinum
RC-19825,Roy Collins,Consumer,966.409,6,2015-12-05,2017-12-26,752,Bronze
AH-10210,Alan Hwang,Consumer,4805.344,9,2015-11-29,2018-12-24,1121,Platinum
CB-12535,Claudia Bergmann,Corporate,2574.1455,7,2016-01-02,2018-06-16,896,Gold
CA-12310,Christine Abelman,Corporate,1421.954,4,2015-07-19,2018-12-17,1247,Silver
KH-16690,Kristen Hastings,Corporate,5990.799,7,2015-03-21,2018-12-28,1378,Platinum
BB-10990,Barry Blumstein,Corporate,744.3399999999999,5,2015-07-27,2018-09-16,1147,Bronze
AG-10495,Andrew Gjertsen,Corporate,1419.247,7,2016-01-04,2018-10-13,1013,Silver
JO-15280,Jas O'Carroll,Consumer,1934.272,6,2015-03-31,2018-09-29,1278,Silver
AH-10195,Alan Haines,Corporate,1587.452,4,2016-03-05,2018-11-05,975,Silver
NZ-18565,Nick Zandusky,Home Office,2488.31,9,2015-08-02,2018-10-06,1161,Gold
KL-16555,Kelly Lampkin,Corporate,5016.488,8,2015-06-15,2018-12-14,1278,Platinum
AS-10225,Alan Schoenberger,Corporate,4260.784,5,2015-10-18,2018-12-08,1147,Platinum
CR-12625,Corey Roper,Home Office,475.9,3,2015-06-01,2017-09-16,838,Bronze
SH-20395,Shahid Hopkins,Consumer,2180.718,10,2015-11-02,2018-12-07,1131,Silver
BP-11185,Ben Peterman,Corporate,3675.861,9,2016-03-24,2018-12-29,1010,Platinum
TS-21205,Thomas Seio,Corporate,5371.09,7,2015-03-21,2018-06-15,1182,Platinum
AG-10525,Andy Gerbode,Corporate,1455.038,4,2015-08-09,2016-09-07,395,Silver
SP-20860,Sung Pak,Corporate,4282.94,10,2015-12-15,2018-10-12,1032,Platinum
NM-18445,Nathan Mautz,Home Office,6459.344,7,2015-02-08,2018-07-23,1261,Platinum
FA-14230,Frank Atkinson,Corporate,2984.054,7,2015-09-19,2018-09-24,1101,Gold
GK-14620,Grace Kelly,Corporate,6497.27,9,2015-06-25,2018-09-09,1172,Platinum
DJ-13510,Don Jones,Corporate,2501.6879999999996,8,2015-08-17,2018-11-12,1183,Gold
PO-18850,Patrick O'Brill,Consumer,7473.8282,11,2015-11-02,2018-12-26,1150,Platinum
JL-15850,John Lucas,Consumer,2725.256,6,2015-07-22,2017-04-25,643,Gold
DB-13615,Doug Bickford,Consumer,1989.05,7,2015-09-30,2018-11-27,1154,Silver
AC-10420,Alyssa Crouse,Corporate,925.8,3,2015-07-12,2018-05-12,1035,Bronze
CC-12550,Clay Cheatham,Consumer,113.832,3,2018-06-15,2018-12-03,171,Bronze
TD-20995,Tamara Dahlen,Consumer,1434.5480000000002,9,2015-05-19,2018-11-23,1284,Silver
AB-10060,Adam Bellavance,Home Office,7755.62,8,2016-09-18,2018-11-06,779,Platinum
JL-15505,Jeremy Lonsdale,Consumer,3173.874,6,2015-11-14,2018-11-11,1093,Gold
VB-21745,Victoria Brennan,Corporate,2005.596,6,2016-07-17,2018-11-06,842,Silver
KW-16435,Katrina Willman,Consumer,4416.5199999999995,5,2016-08-24,2018-09-25,762,Platinum
JD-16060,Julia Dunbar,Consumer,695.442,3,2015-09-24,2018-03-05,893,Bronze
MK-17905,Michael Kennedy,Corporate,2302.368,8,2015-11-18,2018-12-02,1110,Gold
GT-14755,Guy Thornton,Consumer,226.436,4,2016-02-18,2018-11-26,1012,Bronze
AG-10900,Arthur Gainer,Consumer,4510.797,10,2015-07-23,2018-09-25,1160,Platinum
MM-18280,Muhammed MacIntyre,Corporate,775.414,9,2015-01-20,2018-10-06,1355,Bronze
AR-10405,Allen Rosenblatt,Corporate,2236.128,5,2015-10-03,2018-08-27,1059,Gold
RA-19915,Russell Applegate,Consumer,4793.543,9,2015-06-30,2018-12-18,1267,Platinum
AS-10285,Alejandro Savely,Corporate,3214.236,6,2017-05-21,2018-12-11,569,Gold
LA-16780,Laura Armstrong,Corporate,8673.222,11,2015-04-29,2018-07-29,1187,Platinum
DO-13435,Denny Ordway,Consumer,1300.0315,9,2015-10-03,2018-08-19,1051,Silver
DK-13225,Dean Katz,Corporate,4802.394,9,2015-03-14,2018-12-20,1377,Platinum
NG-18430,Nathan Gelder,Consumer,1395.9379999999999,5,2015-11-24,2018-11-12,1084,Silver
MV-18190,Mike Vittorini,Consumer,1734.574,7,2015-01-30,2018-12-11,1411,Silver
JG-15115,Jack Garza,Consumer,2358.676,3,2015-09-21,2016-12-03,439,Gold
BP-11095,Bart Pistole,Corporate,2442.044,12,2015-06-07,2018-12-13,1285,Gold
VP-21730,Victor Preis,Home Office,993.9019999999999,3,2016-07-05,2018-11-30,878,Bronze
SS-20140,Saphhira Shifley,Corporate,1324.028,8,2015-11-23,2018-12-15,1118,Silver
AG-10675,Anna Gayman,Consumer,3489.0396000000005,7,2016-05-07,2018-09-24,870,Gold
LF-17185,Luke Foster,Consumer,3930.5089999999996,7,2015-07-26,2018-12-08,1231,Platinum
RF-19840,Roy Französisch,Consumer,938.862,7,2015-11-12,2018-12-24,1138,Bronze
KH-16510,Keith Herrera,Consumer,5229.695000000001,6,2015-08-15,2018-12-08,1211,Platinum
KC-16675,Kimberly Carter,Corporate,1146.05,4,2015-12-13,2018-11-03,1056,Silver
CJ-12010,Caroline Jumper,Consumer,11164.974,8,2017-03-10,2018-06-24,471,Platinum
PB-19150,Philip Brown,Consumer,1456.95,8,2015-07-14,2018-09-24,1168,Silver
MP-17965,Michael Paige,Corporate,3983.6420000000003,9,2016-04-18,2018-10-19,914,Platinum
NF-18385,Natalie Fritzler,Consumer,8080.474,6,2015-02-11,2018-10-12,1339,Platinum
SD-20485,Shirley Daniels,Home Office,6121.114,9,2015-01-26,2018-06-13,1234,Platinum
KH-16630,Ken Heidel,Corporate,3918.9660000000003,9,2015-11-01,2018-11-02,1097,Platinum
RB-19795,Ross Baird,Home Office,5633.316000000001,8,2015-06-03,2018-11-28,1274,Platinum
MK-18160,Mike Kennedy,Consumer,1031.602,4,2015-12-19,2018-05-04,867,Bronze
PO-19180,Philisse Overcash,Home Office,4893.043,9,2016-08-11,2018-07-23,711,Platinum
BB-11545,Brenda Bowman,Corporate,6765.728,9,2016-06-05,2018-12-02,910,Platinum
TB-21595,Troy Blackwell,Consumer,1240.871,4,2015-02-18,2018-03-20,1126,Silver
RB-19360,Raymond Buch,Consumer,15117.339,6,2017-04-01,2018-09-25,542,Platinum
EB-13705,Ed Braxton,Corporate,3644.978,9,2015-07-08,2018-11-12,1223,Gold
SC-20095,Sanjit Chand,Consumer,14142.333999999999,9,2015-02-12,2018-01-15,1068,Platinum
TN-21040,Tanja Norvell,Home Office,3130.221,7,2015-10-10,2018-10-01,1087,Gold
JS-15940,Joni Sundaresam,Home Office,469.169,5,2015-05-03,2017-09-23,874,Bronze
MH-17785,Maya Herman,Corporate,2203.7780000000002,7,2015-05-27,2018-09-23,1215,Silver
JP-15520,Jeremy Pistek,Consumer,3635.594,7,2015-08-22,2018-12-22,1218,Gold
JE-15475,Jeremy Ellison,Consumer,1388.682,6,2016-03-16,2018-06-20,826,Silver
JG-15805,John Grady,Corporate,1507.018,6,2015-04-05,2018-05-21,1142,Silver
XP-21865,Xylona Preis,Consumer,2374.658,11,2015-01-20,2018-11-17,1397,Gold
EM-14065,Erin Mull,Consumer,228.99,4,2015-07-22,2018-11-13,1210,Bronze
MT-18070,Michelle Tran,Home Office,1319.4498,4,2015-09-25,2018-06-10,989,Silver
SA-20830,Sue Ann Reed,Consumer,4767.3415,10,2015-02-22,2018-10-28,1344,Platinum
CW-11905,Carl Weiss,Home Office,1136.592,6,2015-06-09,2018-12-08,1278,Silver
AJ-10960,Astrea Jones,Consumer,629.2479999999999,3,2015-09-14,2018-10-17,1129,Bronze
SS-20590,Sonia Sunley,Consumer,418.49,6,2015-08-05,2017-10-24,811,Bronze
RO-19780,Rose O'Brian,Consumer,3815.478,7,2016-05-12,2018-11-25,927,Platinum
MD-17350,Maribeth Dona,Consumer,2716.412,6,2015-11-05,2018-09-04,1034,Gold
MY-17380,Maribeth Yedwab,Corporate,2254.285,7,2016-10-26,2018-12-01,766,Gold
CM-12385,Christopher Martinez,Consumer,8954.019999999999,4,2016-03-16,2018-11-23,982,Platinum
LS-17245,Lynn Smith,Consumer,1008.1360000000001,6,2015-10-16,2018-11-26,1137,Bronze
BN-11515,Bradley Nguyen,Consumer,1459.344,5,2015-03-17,2018-12-21,1375,Silver
DB-13210,Dean Braden,Consumer,2332.577,10,2016-03-22,2018-12-21,1004,Gold
MC-17605,Matt Connell,Corporate,2258.192,8,2015-03-19,2018-09-09,1270,Gold
BD-11605,Brian Dahlen,Consumer,2783.189,6,2015-01-13,2018-09-24,1350,Gold
PH-18790,Patricia Hirasaki,Home Office,729.648,1,2018-10-21,2018-10-21,0,Bronze
MG-18145,Mike Gockenbach,Consumer,3061.543,4,2015-03-29,2018-10-07,1288,Gold
KB-16240,Karen Bern,Corporate,3152.6150000000002,7,2015-03-31,2018-12-26,1366,Gold
JC-15340,Jasper Cacioppo,Consumer,71.263,4,2015-01-28,2018-09-07,1318,Bronze
RL-19615,Rob Lucas,Consumer,6234.91,8,2015-12-05,2018-08-31,1000,Platinum
AA-10375,Allen Armold,Consumer,1056.39,9,2015-04-21,2018-12-11,1330,Bronze
EP-13915,Emily Phan,Consumer,5478.0608,17,2015-07-06,2018-12-18,1261,Platinum
DK-12985,Darren Koutras,Consumer,1687.04,5,2015-11-24,2018-12-23,1125,Silver
BD-11500,Bradley Drucker,Consumer,4411.2429999999995,6,2015-02-01,2018-11-25,1393,Platinum
LM-17065,Liz MacKendrick,Consumer,1346.774,5,2015-06-27,2017-12-04,891,Silver
AS-10135,Adrian Shami,Home Office,58.82,2,2017-11-13,2018-11-19,371,Bronze
BD-11320,Bill Donatelli,Consumer,5718.521,12,2016-05-31,2018-11-27,910,Platinum
GT-14710,Greg Tran,Consumer,11820.119999999999,11,2015-05-23,2018-11-24,1281,Platinum
AJ-10945,Ashley Jarboe,Consumer,1829.896,6,2015-03-03,2018-08-31,1277,Silver
OT-18730,Olvera Toch,Consumer,3818.624,5,2016-04-20,2018-10-26,919,Platinum
LP-17080,Liz Pelletier,Consumer,756.606,4,2015-06-24,2018-11-20,1245,Bronze
CA-12775,Cynthia Arntzen,Consumer,3041.566,7,2015-06-28,2018-09-01,1161,Gold
JF-15490,Jeremy Farry,Consumer,890.95,10,2015-10-19,2018-08-31,1047,Bronze
FP-14320,Frank Preis,Consumer,4046.746,8,2015-12-07,2018-12-07,1096,Platinum
EB-13840,Ellis Ballard,Corporate,964.448,4,2015-05-30,2018-10-01,1220,Bronze
JF-15415,Jennifer Ferguson,Consumer,2309.432,5,2015-08-22,2018-12-28,1224,Gold
SF-20200,Sarah Foster,Consumer,3422.7859999999996,9,2015-12-23,2018-11-01,1044,Gold
TG-21640,Trudy Glocke,Consumer,2074.661,4,2015-03-31,2018-09-07,1256,Silver
CS-11950,Carlos Soltero,Consumer,3036.547,11,2015-06-08,2018-12-05,1276,Gold
CC-12145,Charles Crestani,Consumer,2471.65,7,2015-07-20,2018-09-15,1153,Gold
DV-13465,Dianna Vittorini,Consumer,3254.487,5,2015-06-22,2018-12-01,1258,Gold
BD-11725,Bruce Degenhardt,Consumer,1526.5,6,2016-07-03,2018-09-28,817,Silver
ZC-21910,Zuschuss Carroll,Consumer,8025.707,13,2015-10-13,2018-11-06,1120,Platinum
MS-17830,Melanie Seite,Consumer,370.348,4,2015-01-09,2017-10-04,999,Bronze
LR-16915,Lena Radford,Consumer,5142.892,6,2015-08-08,2018-12-04,1214,Platinum
TP-21130,Theone Pippenger,Consumer,4454.0560000000005,9,2016-04-14,2018-12-22,982,Platinum
CK-12205,Chloris Kastensmidt,Consumer,3154.855,13,2015-03-11,2018-11-21,1351,Gold
AS-10240,Alan Shonely,Consumer,503.968,5,2015-03-15,2018-06-21,1194,Bronze
AR-10510,Andrew Roberts,Consumer,264.86400000000003,5,2015-05-02,2018-12-16,1324,Bronze
NB-18655,Nona Balk,Corporate,1972.599,9,2015-12-05,2018-12-11,1102,Silver
GD-14590,Giulietta Dortch,Corporate,1888.07,4,2015-05-05,2018-12-25,1330,Silver
CK-12595,Clytie Kelty,Consumer,2372.75,11,2015-12-26,2018-11-17,1057,Gold
NG-18355,Nat Gilpin,Corporate,1869.58,5,2015-11-24,2018-11-12,1084,Silver
CA-12265,Christina Anderson,Consumer,2638.3272,8,2015-03-25,2018-11-04,1320,Gold
SF-20965,Sylvia Foulston,Corporate,3336.535,9,2015-10-21,2018-11-12,1118,Gold
MO-17800,Meg O'Connel,Home Office,1687.0269999999998,8,2016-09-17,2018-09-17,730,Silver
AT-10735,Annie Thurman,Consumer,3831.864,10,2015-08-30,2018-12-17,1205,Platinum
FM-14380,Fred McMath,Consumer,2523.266,9,2016-07-12,2018-08-07,756,Gold
DJ-13420,Denny Joy,Corporate,2012.52,4,2015-12-08,2017-04-02,481,Silver
ME-17725,Max Engle,Consumer,1908.4532,8,2015-07-12,2018-12-02,1239,Silver
JD-16150,Justin Deggeller,Corporate,8828.0305,8,2015-11-16,2018-11-19,1099,Platinum
JL-15835,John Lee,Consumer,9576.343,10,2015-04-18,2018-12-09,1331,Platinum
SC-20305,Sean Christensen,Consumer,3650.473,6,2016-01-27,2018-12-01,1039,Platinum
CC-12430,Chuck Clark,Home Office,2870.05,10,2016-09-06,2018-12-30,845,Gold
AR-10825,Anthony Rawles,Corporate,4523.336,8,2015-06-30,2018-11-02,1221,Platinum
SR-20740,Steven Roelle,Home Office,4345.8859999999995,8,2015-02-20,2018-06-17,1213,Platinum
CR-12730,Craig Reiter,Consumer,1600.55,4,2015-08-20,2018-10-13,1150,Silver
EH-14125,Eugene Hildebrand,Home Office,3082.653,10,2015-10-19,2018-07-31,1016,Gold
SP-20545,Sibella Parks,Corporate,1306.086,6,2015-10-13,2018-02-06,847,Silver
TH-21235,Tiffany House,Corporate,1022.201,8,2015-11-04,2018-09-04,1035,Bronze
RP-19390,Resi Pölking,Consumer,5153.084,12,2015-05-24,2018-11-27,1283,Platinum
RB-19570,Rob Beeghly,Consumer,528.546,5,2017-04-28,2018-12-05,586,Bronze
CD-11980,Carol Darley,Consumer,639.766,3,2017-11-24,2018-11-06,347,Bronze
DJ-13630,Doug Jacobs,Consumer,3356.398,3,2016-12-14,2018-12-18,734,Gold
GT-14635,Grant Thornton,Corporate,9351.212,3,2015-06-06,2018-11-04,1247,Platinum
MC-17845,Michael Chen,Consumer,3805.714,7,2015-07-05,2018-12-29,1273,Platinum
RA-19285,Ralph Arnett,Consumer,2617.906,9,2015-12-13,2018-12-25,1108,Gold
NP-18325,Naresj Patel,Consumer,5529.62,6,2015-05-13,2018-12-05,1302,Platinum
AB-10165,Alan Barnes,Consumer,1113.838,8,2015-11-16,2018-12-05,1115,Silver
JO-15550,Jesus Ocampo,Home Office,1090.838,5,2016-03-19,2018-05-29,801,Silver
JK-15370,Jay Kimmel,Consumer,2136.458,7,2015-04-11,2018-11-16,1315,Silver
BN-11470,Brad Norvell,Corporate,265.296,4,2015-09-12,2018-12-06,1181,Bronze
DP-13165,David Philippe,Consumer,1058.616,2,2015-12-02,2016-10-10,313,Bronze
TH-21550,Tracy Hopkins,Home Office,4234.0960000000005,7,2015-04-05,2018-10-19,1293,Platinum
AP-10915,Arthur Prichep,Consumer,3323.556,10,2015-08-23,2018-09-23,1127,Gold
RS-19765,Roland Schwarz,Corporate,4159.7699999999995,8,2015-04-07,2018-11-24,1327,Platinum
SV-20365,Seth Vernon,Consumer,11470.949999999999,10,2015-01-11,2018-09-20,1348,Platinum
CK-12325,Christine Kargatis,Home Office,2945.321,5,2015-03-14,2018-09-01,1267,Gold
RD-19810,Ross DeVincentis,Home Office,1137.616,8,2015-10-27,2018-12-16,1146,Silver
MR-17545,Mathew Reese,Home Office,639.178,4,2015-09-03,2018-08-27,1089,Bronze
SC-20695,Steve Chapman,Corporate,2576.408,10,2015-12-16,2018-10-02,1021,Gold
JF-15355,Jay Fein,Consumer,1911.844,6,2016-10-23,2018-09-16,693,Silver
EG-13900,Emily Grady,Consumer,1832.02,5,2016-11-02,2018-12-08,766,Silver
DS-13030,Darrin Sayre,Home Office,1762.213,4,2015-07-09,2018-09-28,1177,Silver
PO-19195,Phillina Ober,Home Office,1056.858,5,2015-01-04,2018-10-05,1370,Bronze
SS-20875,Sung Shariari,Consumer,964.636,5,2015-12-14,2018-09-01,992,Bronze
PB-19105,Peter Bühler,Consumer,688.324,4,2015-11-15,2018-11-03,1084,Bronze
RF-19735,Roland Fjeld,Consumer,2341.2960000000003,7,2015-08-06,2018-10-02,1153,Gold
YC-21895,Yoseph Carroll,Corporate,5454.35,5,2015-11-17,2018-12-26,1135,Platinum
DC-13285,Debra Catini,Consumer,1174.618,5,2015-12-29,2018-12-07,1074,Silver
CP-12340,Christine Phan,Corporate,5817.187,7,2015-03-17,2018-07-23,1224,Platinum
BF-11020,Barry Französisch,Corporate,2888.506,8,2015-02-15,2018-10-17,1340,Gold
LH-17020,Lisa Hazard,Consumer,318.239,4,2015-09-08,2018-05-05,970,Bronze
CS-12250,Chris Selesnick,Corporate,2754.216,12,2015-01-13,2018-12-04,1421,Gold
AJ-10795,Anthony Johnson,Corporate,4501.391,7,2015-05-14,2018-07-17,1160,Platinum
BV-11245,Benjamin Venier,Corporate,1523.2730000000001,5,2016-03-26,2018-01-30,675,Silver
DL-12865,Dan Lawera,Consumer,444.024,7,2015-06-29,2018-09-21,1180,Bronze
BM-11785,Bryan Mills,Consumer,1338.842,10,2015-06-06,2018-05-26,1085,Silver
LT-17110,Liz Thompson,Consumer,2936.252,8,2015-06-01,2018-11-26,1274,Gold
JK-15730,Joe Kamberova,Consumer,4769.9,9,2015-11-18,2018-10-07,1054,Platinum
ES-14020,Erica Smith,Consumer,3510.4579999999996,5,2015-09-20,2018-11-20,1157,Gold
RH-19495,Rick Hansen,Consumer,3621.3759999999997,5,2015-08-23,2018-11-28,1193,Gold
CD-11920,Carlos Daly,Consumer,2033.968,5,2015-03-24,2018-11-20,1337,Silver
HW-14935,Helen Wasserman,Corporate,4827.934,7,2016-09-27,2018-09-04,707,Platinum
MC-18130,Mike Caudle,Corporate,1581.9979999999998,5,2015-09-19,2017-12-26,829,Silver
GM-14440,Gary McGarr,Consumer,3582.8199999999997,7,2015-03-21,2018-10-08,1297,Gold
PJ-19015,Pauline Johnson,Consumer,1677.536,6,2015-04-07,2018-08-18,1229,Silver
BW-11110,Bart Watters,Corporate,4750.358,8,2016-03-20,2018-08-31,894,Platinum
TR-21325,Toby Ritter,Consumer,675.9419999999999,5,2015-12-01,2018-06-20,932,Bronze
PG-18820,Patrick Gardner,Consumer,3086.907,13,2015-05-09,2018-11-24,1295,Gold
JL-15175,James Lanier,Home Office,1571.523,5,2015-12-31,2018-12-24,1089,Silver
BM-11650,Brian Moss,Corporate,7294.185,11,2015-07-09,2018-11-27,1237,Platinum
EM-14095,Eudokia Martin,Corporate,1041.0420000000001,4,2016-08-07,2018-09-08,762,Bronze
AF-10885,Art Foster,Consumer,861.565,4,2015-05-10,2017-11-10,915,Bronze
GA-14725,Guy Armstrong,Consumer,1398.382,11,2015-02-11,2018-12-25,1413,Silver
CK-12760,Cyma Kinney,Corporate,1582.109,9,2015-02-07,2018-10-09,1340,Silver
DP-13105,Dave Poirier,Corporate,2215.002,8,2016-08-22,2018-12-24,854,Gold
BK-11260,Berenike Kampe,Consumer,659.1379999999999,6,2015-08-03,2018-10-14,1168,Bronze
SJ-20125,Sanjit Jacobs,Home Office,3949.656,12,2016-09-22,2018-09-26,734,Platinum
CM-12445,Chuck Magee,Consumer,287.99,3,2015-06-09,2017-10-20,864,Bronze
AJ-10780,Anthony Jacobs,Corporate,4867.344,7,2015-01-10,2018-10-16,1375,Platinum
LS-16945,Linda Southworth,Corporate,2845.27,6,2016-04-25,2018-07-05,801,Gold
GP-14740,Guy Phonely,Corporate,236.53,2,2015-04-06,2016-11-26,600,Bronze
PK-18910,Paul Knutson,Home Office,1441.152,2,2015-04-04,2017-09-03,883,Silver
SM-20005,Sally Matthias,Consumer,244.49399999999997,4,2015-11-23,2017-11-04,712,Bronze
AG-10765,Anthony Garverick,Home Office,170.584,4,2015-09-17,2018-10-14,1123,Bronze
PM-19135,Peter McVee,Home Office,4115.662,4,2016-12-19,2018-11-09,690,Platinum
LL-16840,Lauren Leatherbury,Consumer,2454.554,5,2015-04-29,2018-04-25,1092,Gold
JS-15595,Jill Stevenson,Corporate,1417.654,4,2015-03-03,2018-09-02,1279,Silver
EL-13735,Ed Ludwig,Home Office,124.28,2,2017-04-22,2018-10-14,540,Bronze
PC-18745,Pamela Coakley,Corporate,1832.064,4,2015-12-31,2018-12-28,1093,Silver
HL-15040,Hunter Lopez,Consumer,12873.297999999999,6,2015-01-20,2018-11-17,1397,Platinum
MS-17365,Maribeth Schnelling,Consumer,7443.6900000000005,10,2015-09-09,2018-04-01,935,Platinum
GB-14530,George Bell,Corporate,1568.44,11,2015-04-28,2018-10-29,1280,Silver
JR-16210,Justin Ritter,Corporate,2201.686,5,2016-09-18,2018-11-27,800,Silver
BE-11335,Bill Eplett,Home Office,4204.676,5,2017-01-15,2018-09-02,595,Platinum
SC-20050,Sample Company A,Home Office,4624.572,9,2015-03-18,2018-11-20,1343,Platinum
RW-19630,Rob Williams,Corporate,3279.746,9,2015-06-28,2018-10-02,1192,Gold
SE-20110,Sanjit Engle,Consumer,12209.438000000002,11,2015-04-11,2018-12-21,1350,Platinum
AH-10075,Adam Hart,Corporate,3250.337,10,2015-11-16,2018-11-26,1106,Gold
JM-15535,Jessica Myrick,Consumer,1733.443,7,2015-09-13,2018-09-19,1102,Silver
JJ-15760,Joel Jenkins,Home Office,195.0,2,2016-10-05,2016-12-08,64,Bronze
RK-19300,Ralph Kennedy,Consumer,1460.192,3,2016-07-20,2018-09-02,774,Silver
CG-12040,Catherine Glotzbach,Home Office,904.4680000000001,6,2016-06-01,2018-11-11,893,Bronze
RP-19270,Rachel Payne,Corporate,954.6452,4,2015-10-19,2017-08-21,672,Bronze
KC-16255,Karen Carlisle,Corporate,2120.954,6,2015-09-08,2017-11-18,802,Silver
KH-16360,Katherine Hughes,Consumer,3100.612,6,2015-04-29,2018-12-29,1340,Gold
GH-14665,Greg Hansen,Consumer,146.94080000000002,2,2016-11-17,2018-12-28,771,Bronze
SW-20275,Scott Williamson,Consumer,1966.65,6,2015-03-10,2018-11-30,1361,Silver
JA-15970,Joseph Airdo,Consumer,6491.026,8,2015-09-17,2018-09-29,1108,Platinum
DL-12925,Daniel Lacy,Consumer,3272.2,6,2015-09-09,2018-11-03,1151,Gold
LW-16990,Lindsay Williams,Corporate,3230.308,6,2017-05-05,2018-11-27,571,Gold
TB-21190,Thomas Brumley,Home Office,816.1740000000001,4,2015-12-27,2018-11-11,1050,Bronze
BS-11800,Bryan Spruell,Home Office,949.4300000000001,2,2016-09-26,2018-04-09,560,Bronze
RW-19690,Robert Waldorf,Consumer,3495.646,5,2017-05-30,2018-10-12,500,Gold
TZ-21580,Tracy Zic,Consumer,1707.286,4,2015-11-11,2018-11-25,1110,Silver
AS-10630,Ann Steele,Home Office,833.398,7,2015-08-01,2018-09-29,1155,Bronze
TS-21340,Toby Swindell,Consumer,974.7819999999999,5,2015-01-19,2018-05-18,1215,Bronze
SL-20155,Sara Luxemburg,Home Office,3046.532,6,2015-09-21,2018-10-21,1126,Gold
MW-18235,Mitch Willingham,Corporate,5253.876,2,2015-05-21,2018-11-16,1275,Platinum
RD-19585,Rob Dowd,Consumer,2832.904,9,2015-04-02,2018-07-03,1188,Gold
RA-19945,Ryan Akin,Consumer,1686.9225,5,2015-08-29,2018-10-30,1158,Silver
MT-17815,Meg Tillman,Consumer,2890.139,6,2016-11-06,2018-11-11,735,Gold
VG-21790,Vivek Gonzalez,Consumer,846.01,6,2015-08-08,2018-07-29,1086,Bronze
JS-15880,John Stevenson,Consumer,3868.02,5,2015-04-08,2017-07-14,828,Platinum
KM-16225,Kalyca Meade,Corporate,2260.958,6,2016-07-06,2018-12-16,893,Gold
HR-14770,Hallie Redmond,Home Office,940.588,4,2015-03-01,2018-12-17,1387,Bronze
DE-13255,Deanra Eno,Home Office,2550.874,5,2015-08-22,2017-01-11,508,Gold
AG-10390,Allen Goldenen,Consumer,200.945,5,2015-04-19,2018-09-07,1237,Bronze
JJ-15445,Jennifer Jackson,Consumer,709.178,5,2016-03-05,2017-09-03,547,Bronze
JH-15430,Jennifer Halladay,Consumer,309.281,4,2015-02-24,2018-12-25,1400,Bronze
RD-19660,Robert Dilbeck,Home Office,2745.892,4,2016-10-24,2018-09-07,683,Gold
MO-17500,Mary O'Rourke,Consumer,922.487,4,2015-11-28,2018-10-19,1056,Bronze
NS-18640,Noel Staavos,Corporate,2857.753,12,2015-06-25,2018-07-09,1110,Gold
DG-13300,Deirdre Greer,Corporate,3195.818,5,2015-11-01,2018-11-28,1123,Gold
NF-18595,Nicole Fjeld,Home Office,2031.472,7,2015-04-19,2018-09-07,1237,Silver
MG-17650,Matthew Grinstein,Home Office,3785.276,7,2015-08-09,2018-12-01,1210,Platinum
TS-21160,Theresa Swint,Corporate,2163.6240000000003,6,2015-04-23,2017-08-13,843,Silver
BD-11620,Brian DeCherney,Consumer,1538.11,6,2015-06-30,2018-10-22,1210,Silver
CM-12160,Charles McCrossin,Consumer,2533.314,6,2017-10-21,2018-12-04,409,Gold
SN-20560,Skye Norling,Home Office,1860.418,6,2016-06-18,2018-09-10,814,Silver
EH-14005,Erica Hernandez,Home Office,1219.53,7,2015-05-13,2018-12-28,1325,Silver
FO-14305,Frank Olsen,Consumer,2678.438,10,2015-06-09,2018-11-22,1262,Gold
MS-17710,Maurice Satty,Consumer,1613.402,6,2015-03-24,2017-11-12,964,Silver
CC-12100,Chad Cunningham,Home Office,1685.889,5,2015-12-16,2017-09-29,653,Silver
DW-13540,Don Weiss,Consumer,344.08,5,2017-02-27,2018-09-23,573,Bronze
BT-11395,Bill Tyler,Corporate,2186.6130000000003,6,2015-10-28,2018-03-03,857,Silver
CY-12745,Craig Yedwab,Corporate,2004.0819999999999,7,2015-12-12,2018-10-31,1054,Silver
BT-11485,Brad Thomas,Home Office,415.19599999999997,2,2016-12-27,2017-03-11,74,Bronze
PS-19045,Penelope Sewall,Home Office,6843.634,7,2015-12-20,2018-05-08,870,Platinum
PV-18985,Paul Van Hugh,Home Office,2876.046,5,2015-07-12,2018-10-02,1178,Gold
NM-18520,Neoma Murray,Consumer,2161.979,10,2016-09-08,2018-04-30,599,Silver
DL-13495,Dionis Lloyd,Corporate,3539.322,8,2016-12-25,2018-10-15,659,Gold
CS-12355,Christine Sundaresam,Consumer,3202.1620000000003,11,2015-08-15,2018-12-24,1227,Gold
FH-14275,Frank Hawley,Corporate,4256.272,10,2015-04-06,2018-11-23,1327,Platinum
NC-18340,Nat Carroll,Consumer,2461.404,5,2015-03-30,2018-05-20,1147,Gold
AA-10315,Alex Avila,Consumer,5563.56,5,2015-03-31,2018-06-29,1186,Platinum
LT-16765,Larry Tron,Consumer,329.876,3,2015-09-01,2018-12-04,1190,Bronze
AP-10720,Anne Pryor,Home Office,545.932,6,2015-03-03,2018-11-19,1357,Bronze
PM-18940,Paul MacIntyre,Consumer,1405.402,3,2015-05-04,2017-12-09,950,Silver
AT-10435,Alyssa Tate,Home Office,1166.0720000000001,5,2015-12-27,2018-12-09,1078,Silver
CA-12055,Cathy Armstrong,Home Office,1679.7240000000002,5,2016-09-05,2017-11-24,445,Silver
HR-14830,Harold Ryan,Corporate,5248.787,7,2015-11-24,2018-07-24,973,Platinum
BT-11530,Bradley Talbott,Home Office,2684.4919999999997,5,2015-05-21,2018-09-30,1228,Gold
LH-16750,Larry Hughes,Consumer,287.426,3,2015-09-21,2018-08-01,1045,Bronze
SW-20755,Steven Ward,Corporate,758.6959999999999,2,2015-11-02,2017-07-14,620,Bronze
SP-20620,Stefania Perrino,Corporate,5440.319,9,2015-09-08,2018-11-13,1162,Platinum
BF-11170,Ben Ferrer,Home Office,5907.972,11,2015-04-13,2018-12-14,1341,Platinum
KT-16480,Kean Thornton,Consumer,4642.088400000001,10,2015-03-10,2018-09-21,1291,Platinum
BG-11695,Brooke Gillingham,Corporate,1874.172,6,2015-05-11,2018-11-24,1293,Silver
GM-14680,Greg Matthias,Consumer,3163.628,6,2015-05-10,2018-07-31,1178,Gold
EJ-14155,Eva Jacobs,Consumer,2656.691,5,2015-03-03,2018-11-03,1341,Gold
NP-18700,Nora Preis,Consumer,7903.1825,7,2015-09-05,2018-08-14,1074,Platinum
MH-18115,Mick Hernandez,Home Office,5503.093,9,2017-08-23,2018-12-25,489,Platinum
JR-15700,Jocasta Rupert,Consumer,863.88,1,2018-10-23,2018-10-23,0,Bronze
SM-20950,Suzanne McNair,Corporate,4464.862,11,2015-09-29,2018-12-05,1163,Platinum
CC-12220,Chris Cortes,Consumer,3670.258,11,2015-09-09,2018-12-10,1188,Platinum
PF-19225,Phillip Flathmann,Consumer,2206.1279999999997,5,2017-06-26,2018-09-07,438,Gold
DC-12850,Dan Campbell,Consumer,3336.168,9,2015-07-05,2018-11-23,1237,Gold
BD-11770,Bryan Davis,Consumer,658.466,6,2017-03-10,2018-02-06,333,Bronze
GM-14500,Gene McClure,Consumer,1255.682,10,2015-08-09,2018-09-15,1133,Silver
TB-21355,Todd Boyes,Corporate,834.328,5,2017-01-25,2018-08-06,558,Bronze
JH-16180,Justin Hirsh,Consumer,2256.3940000000002,4,2016-05-25,2017-11-21,545,Gold
EB-13975,Erica Bern,Corporate,1643.255,4,2017-01-04,2018-12-30,725,Silver
QJ-19255,Quincy Jones,Corporate,1498.4080000000001,7,2015-03-17,2018-04-30,1140,Silver
TC-21535,Tracy Collins,Home Office,742.5580000000001,7,2015-11-03,2018-12-26,1149,Bronze
CS-12460,Chuck Sachs,Consumer,550.644,2,2018-07-03,2018-12-03,153,Bronze
HG-14965,Henry Goldwyn,Corporate,3247.642,12,2015-09-20,2018-12-07,1174,Gold
LW-16825,Laurel Workman,Corporate,2238.061,5,2015-05-30,2018-10-03,1222,Gold
MC-17575,Matt Collins,Consumer,1303.893,8,2015-12-02,2018-12-03,1097,Silver
LP-17095,Liz Preis,Consumer,3104.439,6,2017-09-08,2018-12-21,469,Gold
EB-14170,Evan Bailliet,Consumer,1186.326,6,2015-09-29,2018-10-09,1106,Silver
GZ-14545,George Zrebassa,Corporate,2454.6220000000003,4,2015-09-28,2018-07-26,1032,Gold
CP-12085,Cathy Prescott,Corporate,5402.254,8,2015-12-04,2018-10-09,1040,Platinum
FG-14260,Frank Gastineau,Home Office,1383.144,7,2015-05-21,2018-11-26,1285,Silver
LD-17005,Lisa DeCherney,Consumer,1961.934,4,2015-09-29,2017-11-11,774,Silver
AB-10255,Alejandro Ballentine,Home Office,914.5319999999999,9,2015-07-22,2018-07-17,1091,Bronze
MN-17935,Michael Nguyen,Consumer,2477.946,6,2015-02-16,2018-11-26,1379,Gold
JR-15670,Jim Radford,Consumer,1156.658,2,2016-12-24,2017-05-16,143,Silver
JF-15190,Jamie Frazer,Consumer,2239.606,6,2015-11-15,2018-10-26,1076,Gold
CM-12115,Chad McGuire,Consumer,1661.6100000000001,4,2016-03-29,2018-12-22,998,Silver
AS-10045,Aaron Smayling,Corporate,3050.692,7,2015-07-27,2018-10-03,1164,Gold
BP-11290,Beth Paige,Consumer,2475.157,7,2015-10-03,2018-12-18,1172,Gold
ND-18370,Natalie DeCherney,Consumer,4326.139,9,2015-01-13,2018-12-03,1420,Platinum
LB-16735,Larry Blacks,Consumer,50.188,3,2017-07-25,2018-11-12,475,Bronze
KT-16465,Kean Takahito,Consumer,3057.1,7,2015-09-08,2017-12-04,818,Gold
HM-14860,Harry Marie,Corporate,8236.7648,10,2015-07-21,2018-12-28,1256,Platinum
AB-10600,Ann Blume,Corporate,1515.862,4,2015-11-18,2018-11-10,1088,Silver
SZ-20035,Sam Zeldin,Home Office,3625.329,11,2015-09-07,2018-11-25,1175,Gold
MG-17890,Michael Granlund,Home Office,776.384,9,2015-12-29,2018-09-22,998,Bronze
JK-16120,Julie Kriz,Home Office,2932.484,10,2015-11-02,2018-09-04,1037,Gold
PP-18955,Paul Prost,Home Office,7252.608,10,2015-08-26,2018-09-24,1125,Platinum
YS-21880,Yana Sorensen,Corporate,6720.4439999999995,8,2016-01-12,2018-12-21,1074,Platinum
KM-16375,Katherine Murray,Home Office,5620.186,8,2015-07-20,2018-11-04,1203,Platinum
AB-10105,Adrian Barton,Consumer,14473.570999999998,10,2015-12-20,2018-11-19,1065,Platinum
HA-14905,Helen Abelman,Consumer,2163.3,7,2015-06-30,2018-10-22,1210,Silver
BT-11305,Beth Thompson,Home Office,2567.656,5,2015-04-25,2018-01-28,1009,Gold
SV-20815,Stuart Van,Corporate,1271.0900000000001,4,2016-05-04,2018-10-15,894,Silver
RW-19540,Rick Wilson,Corporate,7397.401,7,2016-02-03,2018-09-01,941,Platinum
DK-12835,Damala Kotsonis,Corporate,3256.48,12,2015-03-26,2018-12-09,1354,Gold
ST-20530,Shui Tom,Consumer,433.34000000000003,7,2015-02-14,2018-08-27,1290,Bronze
MM-17920,Michael Moore,Consumer,3640.2560000000003,10,2015-01-13,2018-12-23,1440,Gold
PW-19030,Pauline Webber,Corporate,3454.916,10,2015-05-16,2018-11-14,1278,Gold
SC-20440,Shaun Chance,Corporate,1874.998,7,2016-08-17,2018-11-24,829,Silver
TS-21085,Thais Sissman,Consumer,4.833,2,2016-07-19,2018-01-07,537,Bronze
MC-17425,Mark Cousins,Corporate,4432.138,5,2015-05-30,2017-11-26,911,Platinum
ME-17320,Maria Etezadi,Home Office,10663.728000000001,10,2015-01-06,2018-11-18,1412,Platinum
NH-18610,Nicole Hansen,Corporate,2518.6659999999997,6,2016-09-19,2018-06-24,643,Gold
MB-18085,Mick Brown,Consumer,1428.231,7,2015-01-05,2018-11-16,1411,Silver
KD-16495,Keith Dawkins,Corporate,8181.256,12,2015-09-28,2018-09-09,1077,Platinum
KN-16390,Katherine Nockton,Corporate,2224.0860000000002,8,2015-12-02,2018-12-11,1105,Gold
NP-18685,Nora Pelletier,Home Office,1164.73,5,2015-03-07,2017-11-19,988,Silver
CS-12505,Cindy Stewart,Consumer,5690.054999999999,6,2015-03-26,2018-11-02,1317,Platinum
MS-17770,Maxwell Schwartz,Consumer,3144.678,9,2015-07-04,2018-08-31,1154,Gold
CM-12655,Corinna Mitchell,Home Office,5890.508,5,2016-11-03,2018-12-03,760,Platinum
Co-12640,Corey-Lock,Consumer,1300.076,5,2015-06-20,2017-06-29,740,Silver
TS-21370,Todd Sumrall,Corporate,11891.751,6,2015-10-28,2018-11-24,1123,Platinum
JW-15220,Jane Waco,Corporate,7721.714,6,2016-04-30,2018-11-18,932,Platinum
JD-15790,John Dryer,Consumer,2152.352,5,2016-04-02,2018-09-04,885,Silver
PC-19000,Pauline Chand,Home Office,1061.488,2,2015-04-08,2016-08-01,481,Bronze
AR-10540,Andy Reiter,Consumer,6608.448,6,2015-11-25,2018-12-24,1125,Platinum
AI-10855,Arianne Irving,Consumer,4375.786,10,2015-04-28,2018-12-17,1329,Platinum
TB-21400,Tom Boeckenhauer,Consumer,9108.742,6,2015-02-03,2018-06-11,1224,Platinum
PL-18925,Paul Lucas,Home Office,239.481,5,2015-11-01,2018-12-15,1140,Bronze
GH-14425,Gary Hwang,Consumer,4172.8460000000005,4,2015-06-17,2018-11-10,1242,Platinum
MP-18175,Mike Pelletier,Home Office,4757.332,8,2015-11-25,2018-12-14,1115,Platinum
JM-15655,Jim Mitchum,Corporate,864.947,5,2015-04-08,2018-12-22,1354,Bronze
CL-11890,Carl Ludwig,Consumer,1262.0140000000001,4,2015-07-26,2018-09-15,1147,Silver
DB-13270,Deborah Brumfield,Home Office,4655.897,8,2015-02-04,2018-11-07,1372,Platinum
IG-15085,Ivan Gibson,Consumer,744.574,4,2015-10-18,2018-10-20,1098,Bronze
BO-11425,Bobby Odegard,Consumer,130.83,2,2016-09-10,2018-10-16,766,Bronze
AB-10150,Aimee Bixby,Consumer,966.71,5,2015-03-05,2018-11-19,1355,Bronze
JW-16075,Julia West,Consumer,1428.731,4,2016-03-21,2017-09-25,553,Silver
EB-13750,Edward Becker,Corporate,3236.314,10,2016-03-12,2018-11-25,988,Gold
SG-20470,Sheri Gordon,Consumer,1884.798,8,2015-07-26,2018-06-30,1070,Silver
CM-12190,Charlotte Melton,Consumer,1475.144,6,2016-09-18,2018-12-22,825,Silver
AW-10840,Anthony Witt,Consumer,649.376,4,2016-04-13,2018-12-10,971,Bronze
MC-18100,Mick Crebagga,Consumer,2218.98,10,2015-06-18,2018-11-19,1250,Gold
TT-21460,Tonja Turnell,Home Office,5364.808,7,2016-12-08,2018-12-18,740,Platinum
VG-21805,Vivek Grady,Corporate,418.432,4,2015-09-22,2017-08-26,704,Bronze
MY-18295,Muhammed Yedwab,Corporate,3601.88,10,2015-04-28,2018-10-20,1271,Gold
RD-19480,Rick Duston,Consumer,4272.93,8,2015-06-08,2018-10-19,1229,Platinum
DP-13390,Dennis Pardue,Home Office,5480.723999999999,9,2015-07-05,2018-01-06,916,Platinum
ML-17395,Marina Lichtenstein,Corporate,2722.843,9,2015-02-14,2018-10-22,1346,Gold
JC-15385,Jenna Caffey,Consumer,1058.108,1,2018-07-08,2018-07-08,0,Bronze
JG-15160,James Galang,Consumer,6366.392,11,2015-05-30,2018-12-29,1309,Platinum
MC-17275,Marc Crier,Consumer,2725.982,8,2015-09-08,2018-10-15,1133,Gold
NW-18400,Natalie Webber,Consumer,7234.014,7,2015-06-21,2018-07-11,1116,Platinum
TB-21280,Toby Braunhardt,Consumer,2198.45,6,2015-06-21,2017-05-26,705,Silver
BS-11380,Bill Stewart,Corporate,3887.834,5,2015-11-29,2018-12-02,1099,Platinum
HH-15010,Hilary Holden,Corporate,218.668,2,2015-08-29,2018-10-19,1147,Bronze
CD-12280,Christina DeMoss,Consumer,1205.584,2,2018-11-05,2018-11-18,13,Silver
TH-21100,Thea Hendricks,Consumer,2422.824,5,2015-09-27,2018-01-20,846,Gold
MM-18055,Michelle Moray,Consumer,2749.881,8,2015-04-11,2018-10-30,1298,Gold
NS-18505,Neola Schneider,Consumer,2575.863,4,2017-11-24,2018-12-24,395,Gold
RB-19645,Robert Barroso,Corporate,221.084,5,2015-08-23,2017-03-22,577,Bronze
SW-20455,Shaun Weien,Consumer,2835.564,6,2016-06-22,2018-07-21,759,Gold
EB-13930,Eric Barreto,Consumer,944.6000000000001,5,2015-02-02,2018-07-22,1266,Bronze
PS-18760,Pamela Stobb,Consumer,2181.479,6,2015-06-15,2018-09-14,1187,Silver
HF-14995,Herbert Flentye,Consumer,2533.1639999999998,7,2015-05-26,2018-12-09,1293,Gold
HZ-14950,Henia Zydlo,Consumer,886.52,5,2017-03-14,2018-11-25,621,Bronze
CD-12790,Cynthia Delaney,Home Office,1860.732,5,2015-02-02,2017-11-26,1028,Silver
JK-15205,Jamie Kunitz,Consumer,4262.2919999999995,4,2016-09-27,2018-10-30,763,Platinum
FM-14215,Filia McAdams,Corporate,2456.638,10,2015-03-11,2018-12-23,1383,Gold
ED-13885,Emily Ducich,Home Office,3484.92,8,2015-08-09,2018-08-17,1104,Gold
DA-13450,Dianna Arnett,Home Office,156.76,4,2015-04-25,2018-01-12,993,Bronze
JW-15955,Joni Wasserman,Consumer,1049.2379999999998,6,2016-08-16,2018-12-25,861,Bronze
RM-19375,Raymond Messe,Consumer,816.294,5,2015-05-11,2017-07-07,788,Bronze
ML-17755,Max Ludwig,Home Office,2071.9139999999998,7,2017-08-04,2018-12-01,484,Silver
CC-12685,Craig Carroll,Consumer,2854.1150000000002,4,2015-03-22,2016-10-23,581,Gold
JE-15610,Jim Epp,Corporate,7754.976,7,2015-10-14,2018-11-12,1125,Platinum
RP-19855,Roy Phan,Corporate,2055.356,7,2016-02-15,2018-12-02,1021,Silver
TB-21175,Thomas Boland,Corporate,3589.296,4,2015-12-08,2018-11-02,1060,Gold
BE-11455,Brad Eason,Home Office,748.026,5,2016-08-02,2017-09-05,399,Bronze
JF-15565,Jill Fjeld,Consumer,4198.332,8,2015-10-11,2018-11-06,1122,Platinum
PB-19210,Phillip Breyer,Corporate,132.738,2,2015-11-23,2017-02-11,446,Bronze
BT-11680,Brian Thompson,Consumer,3196.752,7,2015-11-28,2018-12-10,1108,Gold
JL-15235,Janet Lee,Consumer,2203.7,5,2015-05-25,2018-09-02,1196,Silver
CH-12070,Cathy Hwang,Home Office,1537.236,3,2016-06-25,2017-02-08,228,Silver
ND-18460,Neil Ducich,Corporate,2893.455,6,2015-02-06,2018-06-30,1240,Gold
BF-10975,Barbara Fisher,Corporate,599.798,7,2015-07-14,2018-09-30,1174,Bronze
KH-16330,Katharine Harms,Corporate,3312.864,8,2015-04-01,2018-11-20,1329,Gold
GW-14605,Giulietta Weimer,Consumer,2189.019,7,2015-03-01,2018-12-02,1372,Silver
NC-18625,Noah Childs,Corporate,1821.742,5,2015-10-29,2018-06-09,954,Silver
ME-18010,Michelle Ellison,Corporate,1256.944,4,2015-07-21,2018-09-29,1166,Silver
BP-11230,Benjamin Patterson,Consumer,1181.49,5,2015-04-20,2018-11-21,1311,Silver
JC-15775,John Castell,Consumer,2772.055,9,2015-09-14,2018-07-25,1045,Gold
AS-10090,Adam Shillingsburg,Consumer,3255.31,9,2015-09-22,2018-12-02,1167,Gold
AC-10450,Amy Cox,Consumer,5527.846,7,2015-10-31,2018-12-19,1145,Platinum
MD-17860,Michael Dominguez,Corporate,1204.91,5,2015-12-02,2018-11-24,1088,Silver
DB-13660,Duane Benoit,Consumer,1155.202,7,2015-06-17,2018-12-18,1280,Silver
EH-13990,Erica Hackney,Consumer,825.9499999999999,6,2015-01-15,2017-11-20,1040,Bronze
EH-13765,Edward Hooks,Corporate,9940.380000000001,10,2015-10-18,2018-08-17,1034,Platinum
SC-20230,Scot Coram,Corporate,4371.9580000000005,4,2017-06-06,2018-08-03,423,Platinum
JE-15715,Joe Elijah,Consumer,8697.842999999999,10,2015-08-25,2018-11-14,1177,Platinum
AC-10615,Ann Chong,Corporate,2537.6859999999997,5,2016-09-15,2018-12-24,830,Gold
JD-16015,Joy Daniels,Consumer,385.43,6,2015-10-04,2018-09-09,1071,Bronze
CB-12415,Christy Brittain,Consumer,1949.2,8,2016-11-05,2018-12-04,759,Silver
JS-16030,Joy Smith,Consumer,2516.494,6,2015-02-27,2018-12-02,1374,Gold
LW-17215,Luke Weiss,Consumer,5420.514,7,2015-09-12,2018-12-09,1184,Platinum
SC-20800,Stuart Calhoun,Consumer,279.25600000000003,4,2016-12-11,2018-11-30,719,Bronze
AM-10705,Anne McFarland,Consumer,5664.022,8,2015-10-31,2018-07-21,994,Platinum
RH-19510,Rick Huthwaite,Home Office,6979.18,6,2015-11-16,2017-09-19,673,Platinum
CT-11995,Carol Triggs,Consumer,3241.898,8,2015-05-07,2018-09-25,1237,Gold
MC-17590,Matt Collister,Corporate,2426.067,6,2015-05-20,2018-11-09,1269,Gold
CC-12610,Corey Catlett,Corporate,2540.631,7,2015-08-27,2018-11-26,1187,Gold
KA-16525,Kelly Andreada,Consumer,1519.506,7,2015-03-11,2018-11-24,1354,Silver
TC-20980,Tamara Chand,Corporate,19052.218,5,2015-11-07,2017-11-26,750,Platinum
BF-11080,Bart Folk,Consumer,272.95,3,2015-11-28,2018-12-05,1103,Bronze
MM-17260,Magdelene Morse,Consumer,1314.023,4,2015-05-28,2018-07-15,1144,Silver
AH-10120,Adrian Hane,Home Office,1735.5140000000001,7,2015-07-18,2018-10-31,1201,Silver
BW-11200,Ben Wallace,Consumer,1738.406,6,2015-08-12,2018-06-10,1033,Silver
SW-20245,Scot Wooten,Consumer,1085.078,7,2015-07-20,2018-10-10,1178,Silver
BS-11665,Brian Stugart,Consumer,3288.1099999999997,3,2015-06-23,2017-05-27,704,Gold
RF-19345,Randy Ferguson,Corporate,3309.15,8,2015-05-20,2017-12-05,930,Gold
WB-21850,William Brown,Consumer,6129.71,10,2015-11-04,2018-12-10,1132,Platinum
TB-21625,Trudy Brown,Consumer,2797.668,9,2015-08-06,2018-11-30,1212,Gold
AF-10870,Art Ferguson,Consumer,2052.908,7,2016-12-06,2018-11-19,713,Silver
RB-19435,Richard Bierner,Consumer,1864.156,7,2015-03-11,2018-11-19,1349,Silver
KF-16285,Karen Ferguson,Home Office,10604.266,7,2015-09-26,2018-09-24,1094,Platinum
JH-15820,John Huston,Consumer,528.91,6,2015-05-19,2018-07-09,1147,Bronze
IL-15100,Ivan Liston,Consumer,5040.736,7,2015-08-01,2018-08-10,1105,Platinum
PB-18805,Patrick Bzostek,Home Office,740.356,3,2016-11-20,2018-12-05,745,Bronze
RH-19600,Rob Haberlin,Consumer,2085.7400000000002,3,2016-07-02,2017-07-14,377,Silver
AW-10930,Arthur Wiediger,Home Office,2852.968,7,2015-07-14,2018-11-14,1219,Gold
ML-17410,Maris LaWare,Consumer,2885.26,5,2015-11-14,2018-11-06,1088,Gold
DB-13555,Dorothy Badders,Corporate,3908.8028,7,2015-04-21,2018-09-14,1242,Platinum
MH-17620,Matt Hagelstein,Corporate,1252.8,4,2016-12-05,2018-07-28,600,Silver
DK-13375,Dennis Kane,Consumer,3318.486,8,2015-09-07,2018-12-11,1191,Gold
BT-11440,Bobby Trafton,Consumer,603.876,4,2015-06-04,2017-06-18,745,Bronze
DB-13405,Denny Blanton,Consumer,1711.692,4,2016-08-08,2018-06-26,687,Silver
TG-21310,Toby Gnade,Consumer,3058.372,5,2016-03-09,2018-01-27,689,Gold
BF-11005,Barry Franz,Home Office,1333.88,4,2015-09-25,2018-11-21,1153,Silver
JM-16195,Justin MacKendrick,Consumer,2833.9260000000004,10,2015-04-30,2018-11-03,1283,Gold
MZ-17335,Maria Zettner,Home Office,593.606,4,2016-11-08,2018-11-30,752,Bronze
MW-18220,Mitch Webber,Consumer,5341.900000000001,7,2015-08-25,2018-12-13,1206,Platinum
MV-17485,Mark Van Huff,Consumer,1560.05,9,2015-01-20,2018-12-03,1413,Silver
SM-20320,Sean Miller,Home Office,25043.05,5,2015-03-18,2018-10-12,1304,Platinum
TP-21415,Tom Prescott,Consumer,5329.0048,5,2016-11-28,2018-09-17,658,Platinum
JK-15625,Jim Karlsson,Consumer,3760.028,7,2015-05-31,2018-10-30,1248,Platinum
PJ-18835,Patrick Jones,Corporate,1220.09,8,2015-05-28,2018-11-21,1273,Silver
RS-19420,Ricardo Sperren,Corporate,3221.29,5,2015-08-05,2018-10-15,1167,Gold
SV-20935,Susan Vittorini,Consumer,1903.491,8,2017-03-19,2018-12-28,649,Silver
BC-11125,Becky Castell,Home Office,2933.676,9,2015-07-06,2018-06-11,1071,Gold
EM-13825,Elizabeth Moffitt,Corporate,2339.598,8,2015-12-02,2018-11-05,1069,Gold
BM-11575,Brendan Murry,Corporate,808.162,6,2016-09-15,2018-09-21,736,Bronze
KN-16705,Kristina Nunn,Home Office,2003.01,7,2015-03-02,2018-09-23,1301,Silver
KW-16570,Kelly Williams,Consumer,449.096,4,2015-09-30,2016-11-20,417,Bronze
SC-20260,Scott Cohen,Corporate,3729.7929999999997,8,2015-04-06,2018-06-26,1177,Platinum
CV-12295,Christina VanderZanden,Consumer,2830.6279999999997,5,2015-03-28,2018-04-20,1119,Gold
SG-20605,Speros Goranitis,Consumer,3118.892,5,2015-11-03,2018-09-13,1045,Gold
TM-21010,Tamara Manning,Consumer,2819.026,7,2015-02-21,2018-09-18,1305,Gold
EM-13810,Eleni McCrary,Corporate,2567.0099999999998,5,2016-06-07,2018-08-20,804,Gold
ML-18040,Michelle Lonsdale,Corporate,742.082,3,2018-03-26,2018-10-12,200,Bronze
CR-12580,Clay Rozendal,Home Office,2148.852,4,2017-04-18,2018-11-03,564,Silver
AZ-10750,Annie Zypern,Consumer,1622.0179999999998,6,2015-03-17,2018-07-23,1224,Silver
PW-19240,Pierre Wener,Consumer,3922.4150000000004,7,2015-11-18,2017-09-22,674,Platinum
SC-20380,Shahid Collister,Consumer,5992.536,9,2015-03-01,2018-11-30,1370,Platinum
CM-11935,Carlos Meador,Consumer,565.392,2,2016-09-24,2017-01-22,120,Bronze
GM-14695,Greg Maxwell,Corporate,6049.966,3,2015-04-05,2018-09-04,1248,Platinum
TB-21250,Tim Brockman,Consumer,1602.376,7,2015-12-08,2018-01-15,769,Silver
JM-15865,John Murray,Consumer,7625.076000000001,7,2015-11-19,2018-09-12,1028,Platinum
SC-20575,Sonia Cooley,Consumer,799.798,4,2015-06-16,2018-09-29,1201,Bronze
LS-17200,Luke Schmidt,Corporate,1010.2560000000001,6,2015-10-18,2018-09-25,1073,Bronze
RR-19315,Ralph Ritter,Consumer,615.932,2,2017-11-14,2018-12-11,392,Bronze
DB-12910,Daniel Byrd,Home Office,2171.599,8,2015-10-24,2018-12-09,1142,Silver
TT-21220,Thomas Thornton,Consumer,1427.0439999999999,8,2015-09-23,2018-06-30,1011,Silver
LO-17170,Lori Olson,Corporate,644.35,5,2016-02-06,2018-12-28,1056,Bronze
KD-16615,Ken Dana,Corporate,907.158,4,2017-04-30,2018-03-16,320,Bronze
NB-18580,Nicole Brennan,Corporate,273.87199999999996,2,2015-09-26,2015-10-22,26,Bronze
BD-11635,Brian Derr,Consumer,582.646,3,2015-10-05,2018-12-21,1173,Bronze
CM-12235,Chris McAfee,Consumer,2305.712,5,2017-05-01,2017-12-10,223,Gold
EN-13780,Edward Nazzal,Consumer,2199.366,4,2016-05-30,2018-03-18,657,Silver
KN-16450,Kean Nguyen,Corporate,2171.962,5,2015-04-12,2018-11-08,1306,Silver
BO-11350,Bill Overfelt,Corporate,2682.728,5,2017-01-03,2018-08-15,589,Gold
AG-10300,Aleksandra Gannaway,Corporate,367.548,4,2015-04-26,2018-09-03,1226,Bronze
MC-17635,Matthew Clasen,Corporate,795.154,4,2015-11-28,2018-06-24,939,Bronze
TA-21385,Tom Ashbrook,Home Office,14595.62,4,2015-09-12,2018-10-22,1136,Platinum
JF-15295,Jason Fortune-,Consumer,955.124,5,2015-03-14,2018-05-19,1162,Bronze
TT-21265,Tim Taslimi,Corporate,439.5,3,2016-08-15,2017-11-19,461,Bronze
SB-20170,Sarah Bern,Consumer,1348.02,3,2015-06-06,2018-06-12,1102,Silver
CL-12700,Craig Leslie,Home Office,2335.586,4,2017-04-24,2018-04-14,355,Gold
HG-15025,Hunter Glantz,Consumer,3690.284,7,2015-10-14,2018-12-24,1167,Platinum
NL-18310,Nancy Lomonaco,Home Office,1418.0900000000001,4,2015-10-31,2018-11-02,1098,Silver
RR-19525,Rick Reed,Corporate,3302.2619999999997,6,2015-09-09,2018-07-13,1038,Gold
TC-21295,Toby Carlisle,Consumer,4266.812,8,2015-10-14,2018-12-03,1146,Platinum
SV-20785,Stewart Visinsky,Consumer,3390.105,8,2015-04-12,2018-02-13,1038,Gold
BE-11410,Bobby Elias,Consumer,2261.438,5,2017-02-07,2018-09-23,593,Gold
SC-20680,Steve Carroll,Home Office,1254.64,6,2015-11-21,2018-08-26,1009,Silver
DF-13135,David Flashing,Consumer,2390.534,3,2015-10-04,2017-01-30,484,Gold
FH-14350,Fred Harton,Consumer,2271.284,4,2016-08-23,2018-06-01,647,Gold
MS-17530,MaryBeth Skach,Consumer,475.65599999999995,4,2015-11-04,2017-10-22,718,Bronze
RH-19555,Ritsa Hightower,Consumer,740.382,2,2016-12-04,2017-07-29,237,Bronze
GA-14515,George Ashbrook,Consumer,3797.2320000000004,5,2016-04-17,2018-08-03,838,Platinum
JP-16135,Julie Prescott,Home Office,1707.71,9,2015-09-23,2018-09-19,1092,Silver
Dp-13240,Dean percer,Home Office,7198.7609999999995,11,2015-05-26,2018-10-07,1230,Platinum
MO-17950,Michael Oakman,Consumer,154.288,2,2016-04-02,2018-07-03,822,Bronze
DL-13330,Denise Leinenbach,Consumer,585.02,4,2015-06-23,2018-11-03,1229,Bronze
MH-18025,Michelle Huthwaite,Consumer,2984.948,5,2015-07-08,2018-11-11,1222,Gold
DR-12940,Daniel Raglin,Home Office,8350.868,8,2015-03-28,2018-11-10,1323,Platinum
DM-13015,Darrin Martin,Consumer,6345.103,7,2015-09-14,2018-11-03,1146,Platinum
CA-11965,Carol Adams,Corporate,3789.7228,6,2015-01-26,2018-09-25,1338,Platinum
AC-10660,Anna Chung,Consumer,657.316,5,2015-10-15,2018-03-23,890,Bronze
DM-13345,Denise Monton,Corporate,4074.4719999999998,8,2015-11-03,2018-12-08,1131,Platinum
VF-21715,Vicky Freymann,Home Office,847.944,5,2015-03-01,2018-12-17,1387,Bronze
CC-12370,Christopher Conant,Consumer,12129.072000000002,5,2017-05-23,2018-11-17,543,Platinum
BF-11275,Beth Fritzler,Corporate,791.9899999999999,3,2015-03-22,2018-11-03,1322,Bronze
HG-14845,Harry Greene,Consumer,785.628,5,2015-04-29,2018-11-06,1287,Bronze
BP-11155,Becky Pak,Consumer,1697.8609999999999,6,2016-06-04,2018-10-02,850,Silver
EM-14140,Eugene Moren,Home Office,4588.436000000001,6,2015-07-19,2018-11-12,1212,Platinum
MA-17995,Michelle Arnett,Home Office,2453.284,6,2015-09-20,2018-06-27,1011,Gold
AY-10555,Andy Yotov,Corporate,497.014,4,2015-04-06,2018-12-16,1350,Bronze
GB-14575,Giulietta Baptist,Consumer,4716.288,5,2016-06-12,2018-12-17,918,Platinum
JB-16045,Julia Barnett,Home Office,2518.115,5,2016-05-03,2018-12-23,964,Gold
MG-17875,Michael Grace,Home Office,1242.8329999999999,5,2015-02-23,2018-09-05,1290,Silver
SR-20425,Sharelle Roach,Home Office,3233.481,5,2015-06-14,2018-12-22,1287,Gold
JB-16000,Joy Bell-,Consumer,644.1188,7,2017-01-10,2018-11-17,676,Bronze
DM-12955,Dario Medina,Corporate,1322.034,7,2015-09-30,2018-09-07,1073,Silver
TC-21475,Tony Chapman,Home Office,1244.976,9,2015-11-22,2018-07-30,981,Silver
SW-20350,Sean Wendt,Home Office,1019.044,3,2017-04-09,2018-07-21,468,Bronze
RE-19450,Richard Eichhorn,Consumer,666.52,4,2016-08-15,2018-03-03,565,Bronze
BF-11215,Benjamin Farhat,Home Office,1585.162,4,2015-11-09,2018-10-26,1082,Silver
KB-16405,Katrina Bavinger,Home Office,908.821,3,2016-11-20,2018-09-04,653,Bronze
JG-15310,Jason Gross,Corporate,2240.58,6,2017-03-03,2018-12-28,665,Gold
EC-14050,Erin Creighton,Consumer,461.914,5,2015-12-17,2018-11-07,1056,Bronze
EB-14110,Eugene Barchas,Consumer,3071.126,6,2016-04-13,2018-09-08,878,Gold
JP-15460,Jennifer Patt,Corporate,1669.135,7,2015-08-24,2018-11-23,1187,Silver
CS-11845,Cari Sayre,Corporate,1278.954,5,2015-12-14,2018-09-30,1021,Silver
GH-14410,Gary Hansen,Home Office,2819.4669999999996,9,2015-07-09,2018-10-16,1195,Gold
PT-19090,Pete Takahito,Consumer,158.46,3,2015-09-12,2018-10-20,1134,Bronze
JL-15130,Jack Lebron,Consumer,1214.956,6,2015-07-18,2018-12-22,1253,Silver
AH-10030,Aaron Hawkins,Corporate,1744.7,7,2015-04-22,2018-12-18,1336,Silver
CC-12475,Cindy Chapman,Consumer,1659.438,9,2015-05-16,2018-11-21,1285,Silver
DW-13195,David Wiener,Corporate,1080.751,6,2015-01-18,2018-10-22,1373,Bronze
SJ-20215,Sarah Jordon,Consumer,1341.036,6,2016-02-09,2018-12-01,1026,Silver
BG-11740,Bruce Geld,Consumer,1006.356,6,2015-03-23,2018-11-03,1321,Bronze
LB-16795,Laurel Beltran,Home Office,4985.676,8,2015-04-23,2018-07-31,1195,Platinum
CM-11815,Candace McMahon,Corporate,1673.888,6,2015-11-14,2018-08-21,1011,Silver
EH-14185,Evan Henry,Consumer,923.884,6,2015-05-22,2018-09-16,1213,Bronze
TS-21505,Tony Sayre,Consumer,2243.274,6,2015-12-20,2018-12-19,1095,Gold
PR-18880,Patrick Ryan,Consumer,1840.178,5,2015-09-05,2018-11-24,1176,Silver
LC-17050,Liz Carlisle,Consumer,2095.064,5,2015-01-31,2018-11-06,1375,Silver
CS-12490,Cindy Schnelling,Corporate,970.1105,4,2016-01-12,2017-11-01,659,Bronze
DH-13075,Dave Hallsten,Corporate,3487.1980000000003,5,2015-11-21,2018-03-28,858,Gold
JO-15145,Jack O'Briant,Corporate,3254.949,9,2015-01-06,2018-11-03,1397,Gold
AH-10690,Anna Häberlin,Corporate,7888.294,12,2015-04-02,2017-11-15,958,Platinum
HJ-14875,Heather Jas,Home Office,358.1,5,2016-04-13,2018-08-26,865,Bronze
MH-17455,Mark Hamilton,Consumer,2146.694,7,2015-07-11,2018-07-13,1098,Silver
RD-19930,Russell D'Ascenzo,Consumer,970.9420000000001,4,2015-10-03,2018-11-18,1142,Bronze
SC-20020,Sam Craven,Consumer,3362.9636,5,2015-03-03,2016-11-10,618,Gold
SU-20665,Stephanie Ulpright,Home Office,2595.364,7,2016-12-05,2018-12-10,735,Gold
FC-14335,Fred Chung,Corporate,3889.366,7,2015-10-10,2018-06-29,993,Platinum
RB-19330,Randy Bradley,Consumer,1008.1959999999999,2,2015-11-17,2018-10-23,1071,Bronze
NC-18535,Nick Crebassa,Corporate,8241.739,7,2015-07-23,2018-12-24,1250,Platinum
DB-12970,Darren Budd,Corporate,2469.6672,4,2015-11-12,2018-05-03,903,Gold
MF-17665,Maureen Fritzler,Corporate,937.039,5,2015-12-30,2017-11-04,675,Bronze
RM-19750,Roland Murray,Consumer,98.35,1,2018-03-06,2018-03-06,0,Bronze
VM-21835,Vivian Mathis,Consumer,380.69,5,2015-03-22,2018-09-04,1262,Bronze
EJ-13720,Ed Jacobs,Consumer,2162.174,4,2015-01-27,2018-03-03,1131,Silver
NC-18415,Nathan Cano,Consumer,2218.9900000000002,6,2015-05-03,2018-11-19,1296,Gold
LS-17230,Lycoris Saunders,Consumer,368.88000000000005,3,2015-01-06,2016-11-14,678,Bronze
KE-16420,Katrina Edelman,Corporate,1453.2812000000001,7,2015-06-08,2018-12-04,1275,Silver
DH-13675,Duane Huffman,Home Office,1043.096,4,2015-08-12,2016-11-15,461,Bronze
PF-19120,Peter Fuller,Consumer,9062.864,4,2015-05-05,2016-09-17,501,Platinum
VT-21700,Valerie Takahito,Home Office,1736.596,2,2015-06-06,2016-04-05,304,Silver
MG-17695,Maureen Gnade,Consumer,1342.282,3,2015-12-26,2017-06-23,545,Silver
SP-20920,Susan Pistek,Consumer,3990.689,6,2015-11-22,2018-10-21,1064,Platinum
CS-12175,Charles Sheldon,Corporate,844.4580000000001,5,2015-08-12,2018-05-12,1004,Bronze
DK-12895,Dana Kaydos,Consumer,4282.176,5,2016-03-08,2018-11-15,982,Platinum
KM-16660,Khloe Miller,Consumer,453.538,5,2015-12-22,2018-12-15,1089,Bronze
AA-10645,Anna Andreadi,Consumer,5086.9349999999995,6,2015-06-22,2018-11-05,1232,Platinum
DD-13570,Dorothy Dickinson,Consumer,269.542,6,2015-03-31,2018-11-19,1329,Bronze
AH-10465,Amy Hunt,Consumer,2495.3916,5,2016-01-03,2018-05-14,862,Gold
TP-21565,Tracy Poddar,Corporate,1936.6399999999999,4,2016-03-01,2018-01-14,684,Silver
EK-13795,Eileen Kiefer,Home Office,1303.478,4,2015-03-18,2018-11-16,1339,Silver
CR-12820,Cyra Reiten,Home Office,1397.8724,3,2016-01-24,2018-10-06,986,Silver
SG-20890,Susan Gilcrest,Corporate,47.946,3,2015-03-30,2018-05-18,1145,Bronze
AH-10585,Angele Hood,Consumer,738.504,4,2015-10-26,2018-12-09,1140,Bronze
NF-18475,Neil Französisch,Home Office,377.16200000000003,4,2015-03-14,2017-07-23,862,Bronze
BS-11365,Bill Shonely,Corporate,10501.653,5,2015-05-04,2017-06-20,778,Platinum
SH-20635,Stefanie Holloman,Corporate,2096.392,2,2015-12-16,2016-11-26,346,Silver
RD-19720,Roger Demir,Consumer,1419.737,10,2015-07-20,2018-12-09,1238,Silver
AG-10330,Alex Grayson,Consumer,660.972,5,2017-08-03,2018-12-22,506,Bronze
GR-14560,Georgia Rosenberg,Corporate,1284.38,2,2015-11-19,2015-11-21,2,Silver
VS-21820,Vivek Sundaresam,Consumer,1055.981,4,2015-01-07,2018-05-23,1232,Bronze
TM-21490,Tony Molinari,Consumer,1094.6779999999999,3,2018-03-30,2018-08-22,145,Silver
TS-21430,Tom Stivers,Corporate,2054.14,5,2015-07-30,2018-07-11,1077,Silver
DB-13360,Dennis Bolton,Home Office,1081.466,5,2015-11-19,2018-04-10,873,Silver
NR-18550,Nick Radford,Consumer,2367.277,5,2015-06-07,2018-06-03,1092,Gold
CS-11860,Cari Schnelling,Consumer,537.632,6,2015-05-02,2018-07-21,1176,Bronze
MF-18250,Monica Federle,Corporate,1758.3,5,2015-09-15,2018-12-23,1195,Silver
LW-17125,Liz Willingham,Consumer,1259.04,3,2015-09-11,2018-06-08,1001,Silver
AR-10345,Alex Russell,Corporate,1055.694,4,2015-12-30,2018-09-10,985,Bronze
KS-16300,Karen Seio,Corporate,88.472,3,2016-01-13,2018-03-10,787,Bronze
AB-10015,Aaron Bergman,Consumer,886.156,3,2015-02-18,2017-11-10,996,Bronze
LR-17035,Lisa Ryan,Corporate,1879.306,5,2015-09-07,2018-08-20,1078,Silver
SS-20410,Shahid Shariari,Consumer,3056.8070000000002,6,2015-05-30,2018-09-11,1200,Gold
JM-15580,Jill Matthias,Consumer,303.948,5,2017-04-14,2018-12-30,625,Bronze
JK-15325,Jason Klamczynski,Corporate,383.812,3,2015-11-21,2018-03-18,848,Bronze
DM-13525,Don Miller,Corporate,1376.792,3,2015-07-05,2017-09-05,793,Silver
ML-18265,Muhammed Lee,Consumer,162.232,2,2016-05-31,2018-09-21,843,Bronze
MH-17290,Marc Harrigan,Home Office,1691.505,5,2015-04-26,2018-03-11,1050,Silver
FC-14245,Frank Carlisle,Home Office,3418.742,7,2016-06-13,2018-10-21,860,Gold
TH-21115,Thea Hudgings,Corporate,2942.772,4,2015-09-23,2018-11-02,1136,Gold
JK-16090,Juliana Krohn,Consumer,3747.668,3,2016-04-21,2018-12-02,955,Platinum
SB-20185,Sarah Brown,Consumer,6410.996,6,2015-09-20,2018-06-25,1009,Platinum
BG-11035,Barry Gonzalez,Consumer,2798.948,8,2015-11-05,2018-12-02,1123,Gold
BW-11065,Barry Weirich,Consumer,385.516,3,2015-05-25,2018-06-01,1103,Bronze
MG-18205,Mitch Gastineau,Corporate,16.739,1,2018-04-10,2018-04-10,0,Bronze
DO-13645,Doug O'Connell,Consumer,1267.316,7,2016-11-07,2018-12-04,757,Silver
BP-11050,Barry Pond,Corporate,983.42,5,2015-10-12,2018-10-08,1092,Bronze
TS-21655,Trudy Schmidt,Consumer,3368.094,5,2016-02-06,2018-05-06,820,Gold
EM-14200,Evan Minnotte,Home Office,366.822,3,2016-12-20,2018-07-25,582,Bronze
AO-10810,Anthony O'Donnell,Corporate,161.28,1,2017-08-16,2017-08-16,0,Bronze
MH-17440,Mark Haberlin,Corporate,400.016,4,2015-02-04,2017-12-19,1049,Bronze
SS-20515,Shirley Schmidt,Home Office,613.4,3,2015-07-14,2017-08-26,774,Bronze
LD-16855,Lela Donovan,Corporate,5.304,1,2017-06-26,2017-06-26,0,Bronze
VP-21760,Victoria Pisteka,Corporate,3360.526,7,2015-09-06,2018-10-16,1136,Gold
TC-21145,Theresa Coyne,Corporate,1038.26,1,2018-09-15,2018-09-15,0,Bronze
IM-15055,Ionia McGrath,Consumer,48.4,2,2015-01-23,2017-11-16,1028,Bronze
AR-10570,Anemone Ratner,Consumer,88.15,1,2017-07-14,2017-07-14,0,Bronze
CM-12715,Craig Molinari,Corporate,3984.4524,4,2015-03-07,2016-03-01,360,Platinum
FW-14395,Fred Wasserman,Corporate,79.75,3,2016-03-22,2018-01-02,651,Bronze
LC-16960,Lindsay Castell,Home Office,3246.626,4,2016-02-23,2017-10-20,605,Gold
HE-14800,Harold Engle,Corporate,755.462,3,2017-01-30,2018-12-18,687,Bronze
BD-11560,Brendan Dodson,Home Office,320.54,2,2016-05-30,2018-03-27,666,Bronze
HD-14785,Harold Dahlen,Home Office,251.36,3,2015-05-11,2016-11-22,561,Bronze
CJ-11875,Carl Jackson,Corporate,16.52,1,2017-12-30,2017-12-30,0,Bronze
RS-19870,Roy Skaria,Home Office,22.328,2,2017-06-07,2018-12-11,552,Bronze
SC-20845,Sung Chung,Consumer,14.112,1,2017-11-11,2017-11-11,0,Bronze
RE-19405,Ricardo Emerson,Consumer,48.36,1,2015-12-29,2015-12-29,0,Bronze
SM-20905,Susan MacKendrick,Consumer,1043.041,1,2017-05-03,2017-05-03,0,Bronze
