Postal_Code,City,State,Country,Region
42420.0,Henderson,Kentucky,United States,South
90036.0,Los Angeles,California,United States,West
33311.0,Fort Lauderdale,Florida,United States,South
90032.0,Los Angeles,California,United States,West
28027.0,Concord,North Carolina,United States,South
98103.0,Seattle,Washington,United States,West
76106.0,Fort Worth,Texas,United States,Central
53711.0,Madison,Wisconsin,United States,Central
84084.0,West Jordan,Utah,United States,West
94109.0,San Francisco,California,United States,West
68025.0,Fremont,Nebraska,United States,Central
19140.0,Philadelphia,Pennsylvania,United States,East
84057.0,Orem,Utah,United States,West
90049.0,Los Angeles,California,United States,West
77095.0,Houston,Texas,United States,Central
75080.0,Richardson,Texas,United States,Central
77041.0,Houston,Texas,United States,Central
60540.0,Naperville,Illinois,United States,Central
32935.0,Melbourne,Florida,United States,South
55122.0,Eagan,Minnesota,United States,Central
48185.0,Westland,Michigan,United States,Central
19901.0,Dover,Delaware,United States,East
47150.0,New Albany,Indiana,United States,Central
10024.0,New York City,New York,United States,East
12180.0,Troy,New York,United States,East
90004.0,Los Angeles,California,United States,West
60610.0,Chicago,Illinois,United States,Central
85234.0,Gilbert,Arizona,United States,West
22153.0,Springfield,Virginia,United States,South
10009.0,New York City,New York,United States,East
49201.0,Jackson,Michigan,United States,Central
38109.0,Memphis,Tennessee,United States,South
77070.0,Houston,Texas,United States,Central
35601.0,Decatur,Alabama,United States,South
94122.0,San Francisco,California,United States,West
27707.0,Durham,North Carolina,United States,South
60623.0,Chicago,Illinois,United States,Central
29203.0,Columbia,South Carolina,United States,South
55901.0,Rochester,Minnesota,United States,Central
55407.0,Minneapolis,Minnesota,United States,Central
97206.0,Portland,Oregon,United States,West
55106.0,Saint Paul,Minnesota,United States,Central
80013.0,Aurora,Colorado,United States,West
28205.0,Charlotte,North Carolina,United States,South
60462.0,Orland Park,Illinois,United States,Central
10035.0,New York City,New York,United States,East
50322.0,Urbandale,Iowa,United States,Central
43229.0,Columbus,Ohio,United States,East
37620.0,Bristol,Tennessee,United States,South
19805.0,Wilmington,Delaware,United States,East
61701.0,Bloomington,Illinois,United States,Central
85023.0,Phoenix,Arizona,United States,West
95661.0,Roseville,California,United States,West
64055.0,Independence,Missouri,United States,Central
91104.0,Pasadena,California,United States,West
43055.0,Newark,Ohio,United States,East
53132.0,Franklin,Wisconsin,United States,Central
85254.0,Scottsdale,Arizona,United States,West
95123.0,San Jose,California,United States,West
98105.0,Seattle,Washington,United States,West
98115.0,Seattle,Washington,United States,West
73034.0,Edmond,Oklahoma,United States,Central
90045.0,Los Angeles,California,United States,West
19134.0,Philadelphia,Pennsylvania,United States,East
88220.0,Carlsbad,New Mexico,United States,West
78207.0,San Antonio,Texas,United States,Central
77036.0,Houston,Texas,United States,Central
62521.0,Decatur,Illinois,United States,Central
71203.0,Monroe,Louisiana,United States,South
6824.0,Fairfield,Connecticut,United States,East
75051.0,Grand Prairie,Texas,United States,Central
92374.0,Redlands,California,United States,West
45011.0,Hamilton,Ohio,United States,East
7090.0,Westfield,New Jersey,United States,East
19120.0,Philadelphia,Pennsylvania,United States,East
44312.0,Akron,Ohio,United States,East
80219.0,Denver,Colorado,United States,West
75220.0,Dallas,Texas,United States,Central
37064.0,Franklin,Tennessee,United States,South
90604.0,Whittier,California,United States,West
48601.0,Saginaw,Michigan,United States,Central
44256.0,Medina,Ohio,United States,East
43017.0,Dublin,Ohio,United States,East
48227.0,Detroit,Michigan,United States,Central
38401.0,Columbia,Tennessee,United States,South
33614.0,Tampa,Florida,United States,South
95051.0,Santa Clara,California,United States,West
55044.0,Lakeville,Minnesota,United States,Central
92037.0,San Diego,California,United States,West
77506.0,Pasadena,Texas,United States,Central
94513.0,Brentwood,California,United States,West
27514.0,Chapel Hill,North Carolina,United States,South
7960.0,Morristown,New Jersey,United States,East
45231.0,Cincinnati,Ohio,United States,East
94110.0,San Francisco,California,United States,West
90301.0,Inglewood,California,United States,West
33319.0,Tamarac,Florida,United States,South
80906.0,Colorado Springs,Colorado,United States,West
7109.0,Belleville,New Jersey,United States,East
48180.0,Taylor,Michigan,United States,Central
8701.0,Lakewood,New Jersey,United States,East
22204.0,Arlington,Virginia,United States,South
80004.0,Arvada,Colorado,United States,West
7601.0,Hackensack,New Jersey,United States,East
33710.0,Saint Petersburg,Florida,United States,South
19143.0,Philadelphia,Pennsylvania,United States,East
90805.0,Long Beach,California,United States,West
92345.0,Hesperia,California,United States,West
37130.0,Murfreesboro,Tennessee,United States,South
84041.0,Layton,Utah,United States,West
78745.0,Austin,Texas,United States,Central
1852.0,Lowell,Massachusetts,United States,East
31907.0,Columbus,Georgia,United States,South
6040.0,Manchester,Connecticut,United States,East
78550.0,Harlingen,Texas,United States,Central
85705.0,Tucson,Arizona,United States,West
62301.0,Quincy,Illinois,United States,Central
2038.0,Franklin,Massachusetts,United States,East
33024.0,Pembroke Pines,Florida,United States,South
98198.0,Des Moines,Washington,United States,West
61604.0,Peoria,Illinois,United States,Central
89115.0,Las Vegas,Nevada,United States,West
2886.0,Warwick,Rhode Island,United States,East
33180.0,Miami,Florida,United States,South
28403.0,Wilmington,North Carolina,United States,South
92646.0,Huntington Beach,California,United States,West
40475.0,Richmond,Kentucky,United States,South
80027.0,Louisville,Colorado,United States,West
1841.0,Lawrence,Massachusetts,United States,East
39212.0,Jackson,Mississippi,United States,South
48187.0,Canton,Michigan,United States,Central
10801.0,New Rochelle,New York,United States,East
28052.0,Gastonia,North Carolina,United States,South
32216.0,Jacksonville,Florida,United States,South
47201.0,Columbus,Indiana,United States,Central
13021.0,Auburn,New York,United States,East
73071.0,Norman,Oklahoma,United States,Central
94521.0,Concord,California,United States,West
60068.0,Park Ridge,Illinois,United States,Central
79109.0,Amarillo,Texas,United States,Central
11757.0,Lindenhurst,New York,United States,East
90008.0,Los Angeles,California,United States,West
92024.0,San Diego,California,United States,West
77340.0,Huntsville,Texas,United States,Central
14609.0,Rochester,New York,United States,East
72701.0,Fayetteville,Arkansas,United States,South
92627.0,Costa Mesa,California,United States,West
80134.0,Parker,Colorado,United States,West
30318.0,Atlanta,Georgia,United States,South
64118.0,Gladstone,Missouri,United States,Central
59405.0,Great Falls,Montana,United States,West
48234.0,Detroit,Michigan,United States,Central
33801.0,Lakeland,Florida,United States,South
36116.0,Montgomery,Alabama,United States,South
85204.0,Mesa,Arizona,United States,West
60653.0,Chicago,Illinois,United States,Central
54302.0,Green Bay,Wisconsin,United States,Central
45503.0,Springfield,Ohio,United States,East
92804.0,Anaheim,California,United States,West
98270.0,Marysville,Washington,United States,West
97301.0,Salem,Oregon,United States,West
78041.0,Laredo,Texas,United States,Central
75217.0,Dallas,Texas,United States,Central
43123.0,Grove City,Ohio,United States,East
10011.0,New York City,New York,United States,East
48126.0,Dearborn,Michigan,United States,Central
31088.0,Warner Robins,Georgia,United States,South
94591.0,Vallejo,California,United States,West
92691.0,Mission Viejo,California,United States,West
48307.0,Rochester Hills,Michigan,United States,Central
7060.0,Plainfield,New Jersey,United States,East
85635.0,Sierra Vista,Arizona,United States,West
98661.0,Vancouver,Washington,United States,West
60505.0,Aurora,Illinois,United States,Central
76017.0,Arlington,Texas,United States,Central
40214.0,Louisville,Kentucky,United States,South
75081.0,Dallas,Texas,United States,Central
44105.0,Cleveland,Ohio,United States,East
75701.0,Tyler,Texas,United States,Central
27217.0,Burlington,North Carolina,United States,South
22980.0,Waynesboro,Virginia,United States,South
19013.0,Chester,Pennsylvania,United States,East
27511.0,Cary,North Carolina,United States,South
32137.0,Palm Coast,Florida,United States,South
10550.0,Mount Vernon,New York,United States,East
48205.0,Detroit,Michigan,United States,Central
33012.0,Hialeah,Florida,United States,South
11572.0,Oceanside,New York,United States,East
92105.0,San Diego,California,United States,West
60201.0,Evanston,Illinois,United States,Central
48183.0,Trenton,Michigan,United States,Central
55016.0,Cottage Grove,Minnesota,United States,Central
71111.0,Bossier City,Louisiana,United States,South
50315.0,Des Moines,Iowa,United States,Central
93534.0,Lancaster,California,United States,West
23223.0,Richmond,Virginia,United States,South
28806.0,Asheville,North Carolina,United States,South
92530.0,Lake Elsinore,California,United States,West
68104.0,Omaha,Nebraska,United States,Central
98026.0,Edmonds,Washington,United States,West
92704.0,Santa Ana,California,United States,West
53209.0,Milwaukee,Wisconsin,United States,Central
41042.0,Florence,Kentucky,United States,South
44052.0,Lorain,Ohio,United States,East
7036.0,Linden,New Jersey,United States,East
93905.0,Salinas,California,United States,West
8901.0,New Brunswick,New Jersey,United States,East
17602.0,Lancaster,Pennsylvania,United States,East
3301.0,Concord,New Hampshire,United States,East
21044.0,Columbia,Maryland,United States,East
75043.0,Garland,Texas,United States,Central
6360.0,Norwich,Connecticut,United States,East
22304.0,Alexandria,Virginia,United States,South
43615.0,Toledo,Ohio,United States,East
87401.0,Farmington,New Mexico,United States,West
92503.0,Riverside,California,United States,West
90503.0,Torrance,California,United States,West
78664.0,Round Rock,Texas,United States,Central
92054.0,Oceanside,California,United States,West
33433.0,Boca Raton,Florida,United States,South
23464.0,Virginia Beach,Virginia,United States,South
92563.0,Murrieta,California,United States,West
28540.0,Jacksonville,North Carolina,United States,South
52601.0,Burlington,Iowa,United States,Central
98502.0,Olympia,Washington,United States,West
20016.0,Washington,District of Columbia,United States,East
65109.0,Jefferson City,Missouri,United States,Central
63376.0,Saint Peters,Missouri,United States,Central
61107.0,Rockford,Illinois,United States,Central
33142.0,Miami,Florida,United States,South
78521.0,Brownsville,Texas,United States,Central
10701.0,Yonkers,New York,United States,East
94601.0,Oakland,California,United States,West
28110.0,Monroe,North Carolina,United States,South
20735.0,Clinton,Maryland,United States,East
92024.0,Encinitas,California,United States,West
30076.0,Roswell,Georgia,United States,South
72401.0,Jonesboro,Arkansas,United States,South
47374.0,Richmond,Indiana,United States,Central
94509.0,Antioch,California,United States,West
33030.0,Homestead,Florida,United States,South
46350.0,La Porte,Indiana,United States,Central
48911.0,Lansing,Michigan,United States,Central
44221.0,Cuyahoga Falls,Ohio,United States,East
89502.0,Reno,Nevada,United States,West
22801.0,Harrisonburg,Virginia,United States,South
92025.0,Escondido,California,United States,West
48073.0,Royal Oak,Michigan,United States,Central
20852.0,Rockville,Maryland,United States,East
33065.0,Coral Springs,Florida,United States,South
14215.0,Buffalo,New York,United States,East
33437.0,Boynton Beach,Florida,United States,South
39503.0,Gulfport,Mississippi,United States,South
93727.0,Fresno,California,United States,West
27834.0,Greenville,North Carolina,United States,South
11561.0,Long Beach,New York,United States,East
35630.0,Florence,Alabama,United States,South
31204.0,Macon,Georgia,United States,South
52402.0,Cedar Rapids,Iowa,United States,Central
2908.0,Providence,Rhode Island,United States,East
81001.0,Pueblo,Colorado,United States,West
94533.0,Fairfield,California,United States,West
32725.0,Deltona,Florida,United States,South
42071.0,Murray,Kentucky,United States,South
6457.0,Middletown,Connecticut,United States,East
11520.0,Freeport,New York,United States,East
90660.0,Pico Rivera,California,United States,West
84604.0,Provo,Utah,United States,West
84062.0,Pleasant Grove,Utah,United States,West
30080.0,Smyrna,Georgia,United States,South
24153.0,Salem,Virginia,United States,South
44134.0,Parma,Ohio,United States,East
36608.0,Mobile,Alabama,United States,South
2740.0,New Bedford,Massachusetts,United States,East
75061.0,Irving,Texas,United States,Central
8360.0,Vineland,New Jersey,United States,East
85301.0,Glendale,Arizona,United States,West
14304.0,Niagara Falls,New York,United States,East
27360.0,Thomasville,North Carolina,United States,South
92683.0,Westminster,California,United States,West
38301.0,Jackson,Tennessee,United States,South
75019.0,Coppell,Texas,United States,Central
91767.0,Pomona,California,United States,West
89031.0,North Las Vegas,Nevada,United States,West
18103.0,Allentown,Pennsylvania,United States,East
19711.0,Newark,Delaware,United States,East
85281.0,Tempe,Arizona,United States,West
92677.0,Laguna Niguel,California,United States,West
8302.0,Bridgeton,New Jersey,United States,East
2149.0,Everett,Massachusetts,United States,East
13601.0,Watertown,New York,United States,East
54915.0,Appleton,Wisconsin,United States,Central
98006.0,Bellevue,Washington,United States,West
75002.0,Allen,Texas,United States,Central
79907.0,El Paso,Texas,United States,Central
76051.0,Grapevine,Texas,United States,Central
75007.0,Carrollton,Texas,United States,Central
37167.0,Smyrna,Tennessee,United States,South
98031.0,Kent,Washington,United States,West
70506.0,Lafayette,Louisiana,United States,South
97224.0,Tigard,Oregon,United States,West
60076.0,Skokie,Illinois,United States,Central
75023.0,Plano,Texas,United States,Central
23434.0,Suffolk,Virginia,United States,South
46203.0,Indianapolis,Indiana,United States,Central
7002.0,Bayonne,New Jersey,United States,East
28314.0,Fayetteville,North Carolina,United States,South
27405.0,Greensboro,North Carolina,United States,South
21215.0,Baltimore,Maryland,United States,East
53142.0,Kenosha,Wisconsin,United States,Central
66062.0,Olathe,Kansas,United States,Central
98002.0,Auburn,Washington,United States,West
74133.0,Tulsa,Oklahoma,United States,Central
97756.0,Redmond,Oregon,United States,West
27604.0,Raleigh,North Carolina,United States,South
74403.0,Muskogee,Oklahoma,United States,Central
6450.0,Meriden,Connecticut,United States,East
42104.0,Bowling Green,Kentucky,United States,South
46614.0,South Bend,Indiana,United States,Central
6010.0,Bristol,Connecticut,United States,East
89015.0,Henderson,Nevada,United States,West
99207.0,Spokane,Washington,United States,West
76248.0,Keller,Texas,United States,Central
45014.0,Fairfield,Ohio,United States,East
32127.0,Port Orange,Florida,United States,South
97504.0,Medford,Oregon,United States,West
22901.0,Charlottesville,Virginia,United States,South
59801.0,Missoula,Montana,United States,West
33178.0,Miami,Florida,United States,South
29501.0,Florence,South Carolina,United States,South
97477.0,Springfield,Oregon,United States,West
32712.0,Apopka,Florida,United States,South
19601.0,Reading,Pennsylvania,United States,East
80020.0,Broomfield,Colorado,United States,West
65807.0,Springfield,Missouri,United States,Central
7501.0,Paterson,New Jersey,United States,East
73120.0,Oklahoma City,Oklahoma,United States,Central
23320.0,Chesapeake,Virginia,United States,South
79424.0,Lubbock,Texas,United States,Central
65203.0,Columbia,Missouri,United States,Central
37604.0,Johnson City,Tennessee,United States,South
36830.0,Auburn,Alabama,United States,South
92404.0,San Bernardino,California,United States,West
1453.0,Leominster,Massachusetts,United States,East
59715.0,Bozeman,Montana,United States,West
85345.0,Peoria,Arizona,United States,West
44107.0,Lakewood,Ohio,United States,East
8861.0,Perth Amboy,New Jersey,United States,East
91761.0,Ontario,California,United States,West
91730.0,Rancho Cucamonga,California,United States,West
56560.0,Moorhead,Minnesota,United States,Central
75150.0,Mesquite,Texas,United States,Central
95207.0,Stockton,California,United States,West
32174.0,Ormond Beach,Florida,United States,South
94086.0,Sunnyvale,California,United States,West
3820.0,Dover,New Hampshire,United States,East
17403.0,York,Pennsylvania,United States,East
77840.0,College Station,Texas,United States,Central
63116.0,Saint Louis,Missouri,United States,Central
2169.0,Quincy,Massachusetts,United States,East
95336.0,Manteca,California,United States,West
44240.0,Kent,Ohio,United States,East
76903.0,San Angelo,Texas,United States,Central
84106.0,Salt Lake City,Utah,United States,West
35810.0,Huntsville,Alabama,United States,South
37918.0,Knoxville,Tennessee,United States,South
72209.0,Little Rock,Arkansas,United States,South
48146.0,Lincoln Park,Michigan,United States,Central
43302.0,Marion,Ohio,United States,East
80122.0,Littleton,Colorado,United States,West
4401.0,Bangor,Maine,United States,East
38671.0,Southaven,Mississippi,United States,South
47362.0,New Castle,Indiana,United States,Central
48640.0,Midland,Michigan,United States,Central
57103.0,Sioux Falls,South Dakota,United States,Central
80525.0,Fort Collins,Colorado,United States,West
47905.0,Lafayette,Indiana,United States,Central
37042.0,Clarksville,Tennessee,United States,South
95823.0,Sacramento,California,United States,West
91360.0,Thousand Oaks,California,United States,West
2148.0,Malden,Massachusetts,United States,East
1040.0,Holyoke,Massachusetts,United States,East
87105.0,Albuquerque,New Mexico,United States,West
89431.0,Sparks,Nevada,United States,West
92236.0,Coachella,California,United States,West
60126.0,Elmhurst,Illinois,United States,Central
7055.0,Passaic,New Jersey,United States,East
29406.0,North Charleston,South Carolina,United States,South
23602.0,Newport News,Virginia,United States,South
14701.0,Jamestown,New York,United States,East
46544.0,Mishawaka,Indiana,United States,Central
43402.0,Bowling Green,Ohio,United States,East
92253.0,La Quinta,California,United States,West
32303.0,Tallahassee,Florida,United States,South
37211.0,Nashville,Tennessee,United States,South
98226.0,Bellingham,Washington,United States,West
60098.0,Woodstock,Illinois,United States,Central
76117.0,Haltom City,Texas,United States,Central
60090.0,Wheeling,Illinois,United States,Central
29483.0,Summerville,South Carolina,United States,South
71901.0,Hot Springs,Arkansas,United States,South
80112.0,Englewood,Colorado,United States,West
43130.0,Lancaster,Ohio,United States,East
88001.0,Las Cruces,New Mexico,United States,West
35244.0,Hoover,Alabama,United States,South
75034.0,Frisco,Texas,United States,Central
95687.0,Vacaville,California,United States,West
84107.0,Murray,Utah,United States,West
53186.0,Waukesha,Wisconsin,United States,Central
93309.0,Bakersfield,California,United States,West
33068.0,Pompano Beach,Florida,United States,South
45373.0,Troy,Ohio,United States,East
78415.0,Corpus Christi,Texas,United States,Central
90278.0,Redondo Beach,California,United States,West
32839.0,Orlando,Florida,United States,South
7050.0,Orange,New Jersey,United States,East
70601.0,Lake Charles,Louisiana,United States,South
60035.0,Highland Park,Illinois,United States,Central
11550.0,Hempstead,New York,United States,East
46060.0,Noblesville,Indiana,United States,Central
55124.0,Apple Valley,Minnesota,United States,Central
29464.0,Mount Pleasant,South Carolina,United States,South
48310.0,Sterling Heights,Michigan,United States,Central
54703.0,Eau Claire,Wisconsin,United States,Central
78577.0,Pharr,Texas,United States,Central
59102.0,Billings,Montana,United States,West
97030.0,Gresham,Oregon,United States,West
37421.0,Chattanooga,Tennessee,United States,South
83642.0,Meridian,Idaho,United States,West
92307.0,Apple Valley,California,United States,West
60440.0,Bolingbrook,Illinois,United States,Central
55369.0,Maple Grove,Minnesota,United States,Central
95695.0,Woodland,California,United States,West
77489.0,Missouri City,Texas,United States,Central
77581.0,Pearland,Texas,United States,Central
94403.0,San Mateo,California,United States,West
49505.0,Grand Rapids,Michigan,United States,Central
93277.0,Visalia,California,United States,West
66212.0,Overland Park,Kansas,United States,Central
92592.0,Temecula,California,United States,West
92399.0,Yucaipa,California,United States,West
2151.0,Revere,Massachusetts,United States,East
77301.0,Conroe,Texas,United States,Central
60477.0,Tinley Park,Illinois,United States,Central
52001.0,Dubuque,Iowa,United States,Central
48127.0,Dearborn Heights,Michigan,United States,Central
87505.0,Santa Fe,New Mexico,United States,West
28601.0,Hickory,North Carolina,United States,South
60188.0,Carol Stream,Illinois,United States,Central
56301.0,Saint Cloud,Minnesota,United States,Central
33161.0,North Miami,Florida,United States,South
46226.0,Lawrence,Indiana,United States,Central
33317.0,Plantation,Florida,United States,South
34952.0,Port Saint Lucie,Florida,United States,South
29730.0,Rock Hill,South Carolina,United States,South
79762.0,Odessa,Texas,United States,Central
53214.0,West Allis,Wisconsin,United States,Central
91911.0,Chula Vista,California,United States,West
66502.0,Manhattan,Kansas,United States,Central
16602.0,Altoona,Pennsylvania,United States,East
80229.0,Thornton,Colorado,United States,West
61821.0,Champaign,Illinois,United States,Central
47401.0,Bloomington,Indiana,United States,Central
71854.0,Texarkana,Arkansas,United States,South
78539.0,Edinburg,Texas,United States,Central
77520.0,Baytown,Texas,United States,Central
46142.0,Greenwood,Indiana,United States,Central
90712.0,Lakewood,California,United States,West
2895.0,Woonsocket,Rhode Island,United States,East
54880.0,Superior,Wisconsin,United States,Central
76021.0,Bedford,Texas,United States,Central
98042.0,Covington,Washington,United States,West
74012.0,Broken Arrow,Oklahoma,United States,Central
33023.0,Miramar,Florida,United States,South
33021.0,Hollywood,Florida,United States,South
77536.0,Deer Park,Texas,United States,Central
67212.0,Wichita,Kansas,United States,Central
78501.0,Mcallen,Texas,United States,Central
52240.0,Iowa City,Iowa,United States,Central
83704.0,Boise,Idaho,United States,West
2920.0,Cranston,Rhode Island,United States,East
61032.0,Freeport,Illinois,United States,Central
77642.0,Port Arthur,Texas,United States,Central
95610.0,Citrus Heights,California,United States,West
75056.0,The Colony,Texas,United States,Central
98052.0,Redmond,Washington,United States,West
32114.0,Daytona Beach,Florida,United States,South
86442.0,Bullhead City,Arizona,United States,West
46368.0,Portage,Indiana,United States,Central
58103.0,Fargo,North Dakota,United States,Central
46514.0,Elkhart,Indiana,United States,Central
91776.0,San Gabriel,California,United States,West
33063.0,Margate,Florida,United States,South
30328.0,Sandy Springs,Georgia,United States,South
44060.0,Mentor,Ohio,United States,East
73505.0,Lawton,Oklahoma,United States,Central
23666.0,Hampton,Virginia,United States,South
13440.0,Rome,New York,United States,East
54601.0,La Crosse,Wisconsin,United States,Central
83501.0,Lewiston,Idaho,United States,West
39401.0,Hattiesburg,Mississippi,United States,South
94526.0,Danville,California,United States,West
48858.0,Mount Pleasant,Michigan,United States,Central
84321.0,Logan,Utah,United States,West
6708.0,Waterbury,Connecticut,United States,East
30605.0,Athens,Georgia,United States,South
4240.0,Lewiston,Maine,United States,East
61832.0,Danville,Illinois,United States,Central
85323.0,Avondale,Arizona,United States,West
30062.0,Marietta,Georgia,United States,South
85364.0,Yuma,Arizona,United States,West
54401.0,Wausau,Wisconsin,United States,Central
99301.0,Pasco,Washington,United States,West
60302.0,Oak Park,Illinois,United States,Central
32503.0,Pensacola,Florida,United States,South
77573.0,League City,Texas,United States,Central
20877.0,Gaithersburg,Maryland,United States,East
84043.0,Lehi,Utah,United States,West
35401.0,Tuscaloosa,Alabama,United States,South
92553.0,Moreno Valley,California,United States,West
40324.0,Georgetown,Kentucky,United States,South
80538.0,Loveland,Colorado,United States,West
85224.0,Chandler,Arizona,United States,West
59601.0,Helena,Montana,United States,West
63122.0,Kirkwood,Missouri,United States,Central
76706.0,Waco,Texas,United States,Central
48066.0,Roseville,Michigan,United States,Central
60423.0,Frankfort,Illinois,United States,Central
18018.0,Bethlehem,Pennsylvania,United States,East
55113.0,Roseville,Minnesota,United States,Central
68801.0,Grand Island,Nebraska,United States,Central
55125.0,Woodbury,Minnesota,United States,Central
48237.0,Oak Park,Michigan,United States,Central
72756.0,Rogers,Arkansas,United States,South
88101.0,Clovis,New Mexico,United States,West
33458.0,Jupiter,Florida,United States,South
93101.0,Santa Barbara,California,United States,West
75104.0,Cedar Hill,Texas,United States,Central
68701.0,Norfolk,Nebraska,United States,Central
84020.0,Draper,Utah,United States,West
48104.0,Ann Arbor,Michigan,United States,Central
91941.0,La Mesa,California,United States,West
83201.0,Pocatello,Idaho,United States,West
49423.0,Holland,Michigan,United States,Central
6460.0,Milford,Connecticut,United States,East
60089.0,Buffalo Grove,Illinois,United States,Central
92630.0,Lake Forest,California,United States,West
96003.0,Redding,California,United States,West
95928.0,Chico,California,United States,West
13501.0,Utica,New York,United States,East
72032.0,Conway,Arkansas,United States,South
82001.0,Cheyenne,Wyoming,United States,West
42301.0,Owensboro,Kentucky,United States,South
83605.0,Caldwell,Idaho,United States,West
70065.0,Kenner,Louisiana,United States,South
3060.0,Nashua,New Hampshire,United States,East
38134.0,Bartlett,Tennessee,United States,South
94061.0,Redwood City,California,United States,West
37087.0,Lebanon,Tennessee,United States,South
93454.0,Santa Maria,California,United States,West
60016.0,Des Plaines,Illinois,United States,Central
98632.0,Longview,Washington,United States,West
37075.0,Hendersonville,Tennessee,United States,South
50701.0,Waterloo,Iowa,United States,Central
2138.0,Cambridge,Massachusetts,United States,East
60067.0,Palatine,Illinois,United States,Central
1915.0,Beverly,Massachusetts,United States,East
97405.0,Eugene,Oregon,United States,West
93030.0,Oxnard,California,United States,West
98059.0,Renton,Washington,United States,West
60025.0,Glenview,Illinois,United States,Central
33445.0,Delray Beach,Florida,United States,South
80022.0,Commerce City,Colorado,United States,West
77590.0,Texas City,Texas,United States,Central
27893.0,Wilson,North Carolina,United States,South
87124.0,Rio Rancho,New Mexico,United States,West
27534.0,Goldsboro,North Carolina,United States,South
98208.0,Everett,Washington,United States,West
90640.0,Montebello,California,United States,West
92020.0,El Cajon,California,United States,West
77705.0,Beaumont,Texas,United States,Central
33407.0,West Palm Beach,Florida,United States,South
79605.0,Abilene,Texas,United States,Central
61761.0,Normal,Illinois,United States,Central
63301.0,Saint Charles,Missouri,United States,Central
60174.0,Saint Charles,Illinois,United States,Central
93010.0,Camarillo,California,United States,West
97123.0,Hillsboro,Oregon,United States,West
91505.0,Burbank,California,United States,West
95351.0,Modesto,California,United States,West
67846.0,Garden City,Kansas,United States,Central
8401.0,Atlantic City,New Jersey,United States,East
80501.0,Longmont,Colorado,United States,West
95616.0,Davis,California,United States,West
26003.0,Wheeling,West Virginia,United States,East
95037.0,Morgan Hill,California,United States,West
7011.0,Clifton,New Jersey,United States,East
53081.0,Sheboygan,Wisconsin,United States,Central
30344.0,East Point,Georgia,United States,South
57701.0,Rapid City,South Dakota,United States,Central
1810.0,Andover,Massachusetts,United States,East
34741.0,Kissimmee,Florida,United States,South
6484.0,Shelton,Connecticut,United States,East
6810.0,Danbury,Connecticut,United States,East
52302.0,Marion,Iowa,United States,Central
32771.0,Sanford,Florida,United States,South
78666.0,San Marcos,Texas,United States,Central
80634.0,Greeley,Colorado,United States,West
76063.0,Mansfield,Texas,United States,Central
44035.0,Elyria,Ohio,United States,East
83301.0,Twin Falls,Idaho,United States,West
33134.0,Coral Gables,Florida,United States,South
60441.0,Romeoville,Illinois,United States,Central
1752.0,Marlborough,Massachusetts,United States,East
20707.0,Laurel,Maryland,United States,East
77803.0,Bryan,Texas,United States,Central
71603.0,Pine Bluff,Arkansas,United States,South
57401.0,Aberdeen,South Dakota,United States,Central
21740.0,Hagerstown,Maryland,United States,East
7017.0,East Orange,New Jersey,United States,East
60004.0,Arlington Heights,Illinois,United States,Central
60543.0,Oswego,Illinois,United States,Central
55433.0,Coon Rapids,Minnesota,United States,Central
92672.0,San Clemente,California,United States,West
94568.0,Dublin,California,United States,West
93405.0,San Luis Obispo,California,United States,West
72762.0,Springdale,Arkansas,United States,South
